solver,scope,policy,timeLimitSec,seed,status,rawFile,hardViolations,jobsTotal,served,committedJobs,wholeDayServed,servedPercent,workersUsed,distanceKm,meanResponseDelay,maxResponseDelay,meanCompletionDelay,workerChanges,orderChanges,scheduleChanges,removedAssignments,newWorkersActivated,maxScheduleShiftMinutes,solverWallTimeMs,injectedEmergencyResponseMinutes,eligibleForComparison
alns,cancellation,POLICY_FAST_RESPONSE,5.0,1,FEASIBLE,results\raw\policy-alns-cancellation-POLICY_FAST_RESPONSE-5s-1-3f270aaecb24159d.json,0,172,172,30,202,100.0,24,965.43,277.18333333333334,447.15,357.18333333333334,77,6,109,1,2,514.3666666666667,5029.646299997694,,True
alns,cancellation,POLICY_MIN_STAFF,5.0,1,FEASIBLE,results\raw\policy-alns-cancellation-POLICY_MIN_STAFF-5s-1-84b6d89999603550.json,0,172,172,30,202,100.0,22,1124.142,333.3848484848485,485.51666666666665,413.3848484848485,66,14,106,1,0,499.73333333333335,5007.98130000112,,True
alns,cancellation,PRIMARY,5.0,1,FEASIBLE,results\raw\policy-alns-cancellation-PRIMARY-5s-1-cdcd8aa3f1766631.json,0,172,172,30,202,100.0,23,683.564,466.8924242424242,677.7166666666667,546.8924242424242,22,16,51,1,0,119.48333333333333,5007.79859999966,,True
alns,initial,POLICY_FAST_RESPONSE,5.0,1,FEASIBLE,results\raw\policy-alns-initial-POLICY_FAST_RESPONSE-5s-1-56cd4ce8b2017a95.json,0,203,203,0,203,100.0,25,1568.844,141.77666666666667,337.68333333333334,221.77666666666667,,,,,,,5010.267900001054,,True
alns,initial,POLICY_MIN_STAFF,5.0,1,FEASIBLE,results\raw\policy-alns-initial-POLICY_MIN_STAFF-5s-1-4216e01f314a502e.json,0,203,203,0,203,100.0,22,1430.355,228.53444444444446,494.1333333333333,308.53444444444443,,,,,,,5010.977900001308,,True
alns,manual_assignment,POLICY_FAST_RESPONSE,5.0,1,FEASIBLE,results\raw\policy-alns-manual_assignment-POLICY_FAST_RESPONSE-5s-1-887b2932fb5f66b5.json,0,173,173,30,203,100.0,25,996.49,268.0242424242424,409.31666666666666,348.0242424242424,90,14,111,0,3,514.3666666666667,5007.636399997864,,True
alns,manual_assignment,POLICY_MIN_STAFF,5.0,1,FEASIBLE,results\raw\policy-alns-manual_assignment-POLICY_MIN_STAFF-5s-1-326528c0e0c9e1b5.json,0,173,173,30,203,100.0,22,1517.769,361.7,532.8333333333334,441.7,62,18,128,0,0,499.73333333333335,5009.61400000233,,True
alns,manual_assignment,PRIMARY,5.0,1,FEASIBLE,results\raw\policy-alns-manual_assignment-PRIMARY-5s-1-d3f9a1d69ac943c8.json,0,173,173,30,203,100.0,23,688.208,466.8924242424242,677.7166666666667,546.8924242424242,23,13,51,0,0,119.48333333333333,5019.054200001847,,True
alns,manual_time,POLICY_FAST_RESPONSE,5.0,1,FEASIBLE,results\raw\policy-alns-manual_time-POLICY_FAST_RESPONSE-5s-1-964dcf0e0aed47cc.json,0,173,173,30,203,100.0,26,1293.821,283.3454545454545,446.96666666666664,363.3454545454545,64,6,107,0,3,514.3666666666667,5008.125299998937,,True
alns,manual_time,POLICY_MIN_STAFF,5.0,1,FEASIBLE,results\raw\policy-alns-manual_time-POLICY_MIN_STAFF-5s-1-7580d858f32cf361.json,0,173,173,30,203,100.0,22,1109.542,341.23333333333335,528.25,421.23333333333335,63,15,125,0,0,499.73333333333335,5007.124799998564,,True
alns,manual_time,PRIMARY,5.0,1,FEASIBLE,results\raw\policy-alns-manual_time-PRIMARY-5s-1-a3397b144b2458dd.json,0,173,173,30,203,100.0,24,646.403,466.8924242424242,677.7166666666667,546.8924242424242,12,11,34,0,0,119.48333333333333,5014.649400000053,,True
alns,new_emergency,POLICY_FAST_RESPONSE,5.0,1,FEASIBLE,results\raw\policy-alns-new_emergency-POLICY_FAST_RESPONSE-5s-1-f816329d820757ba.json,0,174,174,30,204,100.0,25,1039.319,258.2111111111111,437.3833333333333,338.2111111111111,103,6,136,0,3,514.3666666666667,5008.074899997155,7.733333333333333,True
alns,new_emergency,POLICY_MIN_STAFF,5.0,1,FEASIBLE,results\raw\policy-alns-new_emergency-POLICY_MIN_STAFF-5s-1-746fdda4ff40e987.json,0,174,174,30,204,100.0,23,1100.567,310.8486111111111,524.15,390.8486111111111,54,14,90,0,1,514.3666666666667,5009.814799999731,87.73333333333333,True
alns,new_emergency,PRIMARY,5.0,1,FEASIBLE,results\raw\policy-alns-new_emergency-PRIMARY-5s-1-956d0fe15f4ff871.json,0,174,174,30,204,100.0,24,656.83,390.16805555555555,633.9833333333333,470.16805555555555,19,11,44,0,1,434.3666666666667,5009.148899996944,7.733333333333333,True
alns,worker_unavailability,POLICY_FAST_RESPONSE,5.0,1,FEASIBLE,results\raw\policy-alns-worker_unavailability-POLICY_FAST_RESPONSE-5s-1-6cda16312c52647e.json,0,173,173,30,203,100.0,27,1036.551,274.0121212121212,423.75,354.0121212121212,72,6,97,0,3,514.3666666666667,5008.087900001556,,True
alns,worker_unavailability,POLICY_MIN_STAFF,5.0,1,FEASIBLE,results\raw\policy-alns-worker_unavailability-POLICY_MIN_STAFF-5s-1-28a216602e983c91.json,0,173,173,30,203,100.0,24,1377.653,376.57272727272726,633.3333333333334,456.57272727272726,53,8,84,0,1,514.3666666666667,5007.746100000077,,True
alns,worker_unavailability,PRIMARY,5.0,1,FEASIBLE,results\raw\policy-alns-worker_unavailability-PRIMARY-5s-1-c49b1d96375d3191.json,0,173,173,30,203,100.0,24,712.714,434.65909090909093,633.7333333333333,514.6590909090909,40,18,82,0,1,514.3666666666667,5007.142300000851,,True
timefold,cancellation,POLICY_FAST_RESPONSE,5.0,1,FEASIBLE,results\raw\policy-timefold-cancellation-POLICY_FAST_RESPONSE-5s-1-9df523d42f568ec0.json,0,172,172,30,202,100.0,35,2229.458,409.73939393939395,679.1333333333333,489.73939393939395,132,4,143,1,11,514.3666666666667,6526.731300000392,,True
timefold,cancellation,POLICY_MIN_STAFF,5.0,1,FEASIBLE,results\raw\policy-timefold-cancellation-POLICY_MIN_STAFF-5s-1-ca51691b5ecb8769.json,0,172,172,30,202,100.0,24,1915.757,409.1939393939394,699.2833333333333,489.1939393939394,127,4,141,1,0,343.1333333333333,6413.070499998867,,True
timefold,cancellation,PRIMARY,5.0,1,FEASIBLE,results\raw\policy-timefold-cancellation-PRIMARY-5s-1-a35d8463847668df.json,0,172,172,30,202,100.0,24,659.534,463.6545454545455,642.1,543.6545454545454,0,0,1,1,0,70.0,6455.667900001572,,True
timefold,initial,POLICY_FAST_RESPONSE,5.0,1,FEASIBLE,results\raw\policy-timefold-initial-POLICY_FAST_RESPONSE-5s-1-209ae62358886f61.json,0,203,202,0,202,99.50738916256158,26,2045.081,307.46000000000004,672.5833333333334,387.46000000000004,,,,,,,6447.854999998526,,True
timefold,initial,POLICY_MIN_STAFF,5.0,1,FEASIBLE,results\raw\policy-timefold-initial-POLICY_MIN_STAFF-5s-1-d260f317ce9b718e.json,0,203,202,0,202,99.50738916256158,25,2533.111,343.1222222222222,670.8166666666667,423.1222222222222,,,,,,,6395.759999999427,,True
timefold,manual_assignment,POLICY_FAST_RESPONSE,5.0,1,FEASIBLE,results\raw\policy-timefold-manual_assignment-POLICY_FAST_RESPONSE-5s-1-1c1c80477c459963.json,0,173,173,30,203,100.0,33,1619.928,370.0742424242424,618.1166666666667,450.0742424242424,126,6,133,0,9,514.3666666666667,7478.745599997637,,True
timefold,manual_assignment,POLICY_MIN_STAFF,5.0,1,FEASIBLE,results\raw\policy-timefold-manual_assignment-POLICY_MIN_STAFF-5s-1-b2b592905ef987e5.json,0,173,173,30,203,100.0,24,1102.433,441.1757575757576,642.1,521.1757575757575,53,9,62,0,0,140.6,6828.1812999994145,,True
timefold,manual_assignment,PRIMARY,5.0,1,FEASIBLE,results\raw\policy-timefold-manual_assignment-PRIMARY-5s-1-197dc5c654a8faf3.json,0,173,173,30,203,100.0,24,661.864,463.6545454545455,642.1,543.6545454545454,1,0,3,0,0,70.0,6826.43260000259,,True
timefold,manual_time,POLICY_FAST_RESPONSE,5.0,1,FEASIBLE,results\raw\policy-timefold-manual_time-POLICY_FAST_RESPONSE-5s-1-80df4d9df8a81479.json,0,173,173,30,203,100.0,31,1686.455,407.5151515151515,605.8166666666667,487.5151515151515,118,9,132,0,7,422.25,6813.001099999383,,True
timefold,manual_time,POLICY_MIN_STAFF,5.0,1,FEASIBLE,results\raw\policy-timefold-manual_time-POLICY_MIN_STAFF-5s-1-e3c7357fa913e020.json,0,173,173,30,203,100.0,24,1970.601,416.3909090909091,622.2666666666667,496.3909090909091,132,6,144,0,0,335.28333333333336,6516.105399998196,,True
timefold,manual_time,PRIMARY,5.0,1,FEASIBLE,results\raw\policy-timefold-manual_time-PRIMARY-5s-1-d2bea5eab4b6eeba.json,0,173,173,30,203,100.0,24,659.534,463.6545454545455,642.1,543.6545454545454,0,0,2,0,0,5.0,6633.028600001126,,True
timefold,new_emergency,POLICY_FAST_RESPONSE,5.0,1,FEASIBLE,results\raw\policy-timefold-new_emergency-POLICY_FAST_RESPONSE-5s-1-e32767b4aa9ce574.json,0,174,174,30,204,100.0,35,1766.185,385.2527777777778,612.75,465.2527777777778,133,9,137,0,11,514.3666666666667,6407.532099998207,489.76666666666665,True
timefold,new_emergency,POLICY_MIN_STAFF,5.0,1,FEASIBLE,results\raw\policy-timefold-new_emergency-POLICY_MIN_STAFF-5s-1-30e85258566d0680.json,0,174,174,30,204,100.0,25,1853.131,406.2208333333333,611.4833333333333,486.2208333333333,131,7,147,0,1,514.3666666666667,6518.343599997024,523.1166666666667,True
timefold,new_emergency,PRIMARY,5.0,1,FEASIBLE,results\raw\policy-timefold-new_emergency-PRIMARY-5s-1-773a10918ea18501.json,0,174,174,30,204,100.0,25,662.741,445.89722222222224,642.1,525.8972222222222,1,6,8,0,1,72.45,6349.988300000405,250.56666666666666,True
timefold,worker_unavailability,POLICY_FAST_RESPONSE,5.0,1,FEASIBLE,results\raw\policy-timefold-worker_unavailability-POLICY_FAST_RESPONSE-5s-1-a83d2540b0702114.json,0,173,173,30,203,100.0,35,1862.524,367.49545454545455,603.95,447.49545454545455,136,2,140,0,11,514.3666666666667,7215.75230000235,,True
timefold,worker_unavailability,POLICY_MIN_STAFF,5.0,1,FEASIBLE,results\raw\policy-timefold-worker_unavailability-POLICY_MIN_STAFF-5s-1-c21ea389c88e0c12.json,0,173,173,30,203,100.0,25,1797.829,409.42727272727274,605.55,489.42727272727274,141,5,146,0,1,472.15,6586.154199998418,,True
timefold,worker_unavailability,PRIMARY,5.0,1,FEASIBLE,results\raw\policy-timefold-worker_unavailability-PRIMARY-5s-1-28e140c3b07a8bd2.json,0,173,173,30,203,100.0,25,686.931,441.57575757575756,634.5833333333334,521.5757575757576,15,9,27,0,1,174.58333333333334,6854.0468999999575,,True
