solver,scope,timeLimitSec,seed,status,rawFile,referenceRawFiles,matchesProvedOptimum,missedJobsVsOptimum,extraWorkersAtSameCoverage,extraDistanceKmAtSameCoverageAndStaff
alns,exact-10,15.0,1,FEASIBLE,results/raw/baseline-alns-exact-10-15s-1-be46edeed1c90802.json,"['results/raw/baseline-cbc-exact-10-15s-1-590475b7cc79a944.json', 'results/raw/baseline-cpsat-exact-10-15s-1-45a4aa45a25b3f04.json', 'results/raw/baseline-scip-exact-10-15s-1-c9f1d58f3cbccda9.json']",True,0,0,0.0
alns,exact-15,15.0,1,FEASIBLE,results/raw/baseline-alns-exact-15-15s-1-9058076cf443da97.json,"['results/raw/baseline-cbc-exact-15-15s-1-038040518229a662.json', 'results/raw/baseline-scip-exact-15-15s-1-ef993ff693b14cb5.json']",True,0,0,0.0
alns,exact-20,15.0,1,FEASIBLE,results/raw/baseline-alns-exact-20-15s-1-4d92a8456eb3f5a9.json,"['results/raw/baseline-cbc-exact-20-15s-1-e210bc66dbbc766c.json', 'results/raw/baseline-cbc-exact-20-60s-1-05434cddd9e4c3e3.json', 'results/raw/baseline-scip-exact-20-15s-1-0423c76335dde999.json', 'results/raw/baseline-scip-exact-20-60s-1-ca49572a6dfbeecc.json']",True,0,0,0.0
alns,exact-5,15.0,1,FEASIBLE,results/raw/baseline-alns-exact-5-15s-1-936d4925b7eaa6da.json,"['results/raw/baseline-cbc-exact-5-15s-1-8a1eba753b848106.json', 'results/raw/baseline-cpsat-exact-5-15s-1-ef69ccb28ebb5c99.json', 'results/raw/baseline-scip-exact-5-15s-1-8c201c28aa59664a.json']",True,0,0,0.0
cbc,exact-10,15.0,1,OPTIMAL,results/raw/baseline-cbc-exact-10-15s-1-590475b7cc79a944.json,"['results/raw/baseline-cbc-exact-10-15s-1-590475b7cc79a944.json', 'results/raw/baseline-cpsat-exact-10-15s-1-45a4aa45a25b3f04.json', 'results/raw/baseline-scip-exact-10-15s-1-c9f1d58f3cbccda9.json']",True,0,0,0.0
cbc,exact-15,15.0,1,OPTIMAL,results/raw/baseline-cbc-exact-15-15s-1-038040518229a662.json,"['results/raw/baseline-cbc-exact-15-15s-1-038040518229a662.json', 'results/raw/baseline-scip-exact-15-15s-1-ef993ff693b14cb5.json']",True,0,0,0.0
cbc,exact-20,15.0,1,OPTIMAL,results/raw/baseline-cbc-exact-20-15s-1-e210bc66dbbc766c.json,"['results/raw/baseline-cbc-exact-20-15s-1-e210bc66dbbc766c.json', 'results/raw/baseline-cbc-exact-20-60s-1-05434cddd9e4c3e3.json', 'results/raw/baseline-scip-exact-20-15s-1-0423c76335dde999.json', 'results/raw/baseline-scip-exact-20-60s-1-ca49572a6dfbeecc.json']",True,0,0,0.0
cbc,exact-20,60.0,1,OPTIMAL,results/raw/baseline-cbc-exact-20-60s-1-05434cddd9e4c3e3.json,"['results/raw/baseline-cbc-exact-20-15s-1-e210bc66dbbc766c.json', 'results/raw/baseline-cbc-exact-20-60s-1-05434cddd9e4c3e3.json', 'results/raw/baseline-scip-exact-20-15s-1-0423c76335dde999.json', 'results/raw/baseline-scip-exact-20-60s-1-ca49572a6dfbeecc.json']",True,0,0,0.0
cbc,exact-5,15.0,1,OPTIMAL,results/raw/baseline-cbc-exact-5-15s-1-8a1eba753b848106.json,"['results/raw/baseline-cbc-exact-5-15s-1-8a1eba753b848106.json', 'results/raw/baseline-cpsat-exact-5-15s-1-ef69ccb28ebb5c99.json', 'results/raw/baseline-scip-exact-5-15s-1-8c201c28aa59664a.json']",True,0,0,0.0
choco,exact-10,15.0,1,FEASIBLE,results/raw/baseline-choco-exact-10-15s-1-bdb641dee4d1418f.json,"['results/raw/baseline-cbc-exact-10-15s-1-590475b7cc79a944.json', 'results/raw/baseline-cpsat-exact-10-15s-1-45a4aa45a25b3f04.json', 'results/raw/baseline-scip-exact-10-15s-1-c9f1d58f3cbccda9.json']",False,0,3,
choco,exact-15,15.0,1,NO_SOLUTION_FOUND,results/raw/baseline-choco-exact-15-15s-1-7b0e62983c183dbb.json,"['results/raw/baseline-cbc-exact-15-15s-1-038040518229a662.json', 'results/raw/baseline-scip-exact-15-15s-1-ef993ff693b14cb5.json']",,,,
choco,exact-20,15.0,1,NO_SOLUTION_FOUND,results/raw/baseline-choco-exact-20-15s-1-0574b3627a67969a.json,"['results/raw/baseline-cbc-exact-20-15s-1-e210bc66dbbc766c.json', 'results/raw/baseline-cbc-exact-20-60s-1-05434cddd9e4c3e3.json', 'results/raw/baseline-scip-exact-20-15s-1-0423c76335dde999.json', 'results/raw/baseline-scip-exact-20-60s-1-ca49572a6dfbeecc.json']",,,,
choco,exact-20,60.0,1,NO_SOLUTION_FOUND,results/raw/baseline-choco-exact-20-60s-1-0b6e8dafed2ecf6d.json,"['results/raw/baseline-cbc-exact-20-15s-1-e210bc66dbbc766c.json', 'results/raw/baseline-cbc-exact-20-60s-1-05434cddd9e4c3e3.json', 'results/raw/baseline-scip-exact-20-15s-1-0423c76335dde999.json', 'results/raw/baseline-scip-exact-20-60s-1-ca49572a6dfbeecc.json']",,,,
choco,exact-5,15.0,1,FEASIBLE,results/raw/baseline-choco-exact-5-15s-1-03b4a47217942c0e.json,"['results/raw/baseline-cbc-exact-5-15s-1-8a1eba753b848106.json', 'results/raw/baseline-cpsat-exact-5-15s-1-ef69ccb28ebb5c99.json', 'results/raw/baseline-scip-exact-5-15s-1-8c201c28aa59664a.json']",False,0,0,2.51
cpsat,exact-10,15.0,1,OPTIMAL,results/raw/baseline-cpsat-exact-10-15s-1-45a4aa45a25b3f04.json,"['results/raw/baseline-cbc-exact-10-15s-1-590475b7cc79a944.json', 'results/raw/baseline-cpsat-exact-10-15s-1-45a4aa45a25b3f04.json', 'results/raw/baseline-scip-exact-10-15s-1-c9f1d58f3cbccda9.json']",True,0,0,0.0
cpsat,exact-15,15.0,1,FEASIBLE,results/raw/baseline-cpsat-exact-15-15s-1-8bf05f9b9ff68d6d.json,"['results/raw/baseline-cbc-exact-15-15s-1-038040518229a662.json', 'results/raw/baseline-scip-exact-15-15s-1-ef993ff693b14cb5.json']",True,0,0,0.0
cpsat,exact-20,15.0,1,FEASIBLE,results/raw/baseline-cpsat-exact-20-15s-1-d2d1cd021c78bbb8.json,"['results/raw/baseline-cbc-exact-20-15s-1-e210bc66dbbc766c.json', 'results/raw/baseline-cbc-exact-20-60s-1-05434cddd9e4c3e3.json', 'results/raw/baseline-scip-exact-20-15s-1-0423c76335dde999.json', 'results/raw/baseline-scip-exact-20-60s-1-ca49572a6dfbeecc.json']",False,0,1,
cpsat,exact-20,60.0,1,FEASIBLE,results/raw/baseline-cpsat-exact-20-60s-1-2f0b17f34cd330f5.json,"['results/raw/baseline-cbc-exact-20-15s-1-e210bc66dbbc766c.json', 'results/raw/baseline-cbc-exact-20-60s-1-05434cddd9e4c3e3.json', 'results/raw/baseline-scip-exact-20-15s-1-0423c76335dde999.json', 'results/raw/baseline-scip-exact-20-60s-1-ca49572a6dfbeecc.json']",True,0,0,0.0
cpsat,exact-5,15.0,1,OPTIMAL,results/raw/baseline-cpsat-exact-5-15s-1-ef69ccb28ebb5c99.json,"['results/raw/baseline-cbc-exact-5-15s-1-8a1eba753b848106.json', 'results/raw/baseline-cpsat-exact-5-15s-1-ef69ccb28ebb5c99.json', 'results/raw/baseline-scip-exact-5-15s-1-8c201c28aa59664a.json']",True,0,0,0.0
jsprit,exact-10,15.0,1,FEASIBLE,results/raw/baseline-jsprit-exact-10-15s-1-49f76fb9549f7c7d.json,"['results/raw/baseline-cbc-exact-10-15s-1-590475b7cc79a944.json', 'results/raw/baseline-cpsat-exact-10-15s-1-45a4aa45a25b3f04.json', 'results/raw/baseline-scip-exact-10-15s-1-c9f1d58f3cbccda9.json']",True,0,0,0.0
jsprit,exact-15,15.0,1,FEASIBLE,results/raw/baseline-jsprit-exact-15-15s-1-9db769c341c2252b.json,"['results/raw/baseline-cbc-exact-15-15s-1-038040518229a662.json', 'results/raw/baseline-scip-exact-15-15s-1-ef993ff693b14cb5.json']",True,0,0,0.0
jsprit,exact-20,15.0,1,FEASIBLE,results/raw/baseline-jsprit-exact-20-15s-1-f00ca70a6a2783e1.json,"['results/raw/baseline-cbc-exact-20-15s-1-e210bc66dbbc766c.json', 'results/raw/baseline-cbc-exact-20-60s-1-05434cddd9e4c3e3.json', 'results/raw/baseline-scip-exact-20-15s-1-0423c76335dde999.json', 'results/raw/baseline-scip-exact-20-60s-1-ca49572a6dfbeecc.json']",True,0,0,0.0
jsprit,exact-5,15.0,1,FEASIBLE,results/raw/baseline-jsprit-exact-5-15s-1-f84f0cfb7bbe4853.json,"['results/raw/baseline-cbc-exact-5-15s-1-8a1eba753b848106.json', 'results/raw/baseline-cpsat-exact-5-15s-1-ef69ccb28ebb5c99.json', 'results/raw/baseline-scip-exact-5-15s-1-8c201c28aa59664a.json']",True,0,0,0.0
ortools_routing,exact-10,15.0,1,FEASIBLE,results/raw/baseline-ortools_routing-exact-10-15s-1-fd5b02946469456f.json,"['results/raw/baseline-cbc-exact-10-15s-1-590475b7cc79a944.json', 'results/raw/baseline-cpsat-exact-10-15s-1-45a4aa45a25b3f04.json', 'results/raw/baseline-scip-exact-10-15s-1-c9f1d58f3cbccda9.json']",True,0,0,0.0
ortools_routing,exact-15,15.0,1,FEASIBLE,results/raw/baseline-ortools_routing-exact-15-15s-1-010e2d02dbb6b4e1.json,"['results/raw/baseline-cbc-exact-15-15s-1-038040518229a662.json', 'results/raw/baseline-scip-exact-15-15s-1-ef993ff693b14cb5.json']",True,0,0,0.0
ortools_routing,exact-20,15.0,1,FEASIBLE,results/raw/baseline-ortools_routing-exact-20-15s-1-e7036b4fb3d40133.json,"['results/raw/baseline-cbc-exact-20-15s-1-e210bc66dbbc766c.json', 'results/raw/baseline-cbc-exact-20-60s-1-05434cddd9e4c3e3.json', 'results/raw/baseline-scip-exact-20-15s-1-0423c76335dde999.json', 'results/raw/baseline-scip-exact-20-60s-1-ca49572a6dfbeecc.json']",True,0,0,0.0
ortools_routing,exact-5,15.0,1,FEASIBLE,results/raw/baseline-ortools_routing-exact-5-15s-1-ce64b24d5d7a5a11.json,"['results/raw/baseline-cbc-exact-5-15s-1-8a1eba753b848106.json', 'results/raw/baseline-cpsat-exact-5-15s-1-ef69ccb28ebb5c99.json', 'results/raw/baseline-scip-exact-5-15s-1-8c201c28aa59664a.json']",True,0,0,0.0
pyvrp,exact-10,15.0,1,FEASIBLE,results/raw/baseline-pyvrp-exact-10-15s-1-5cb9c997cf69790b.json,"['results/raw/baseline-cbc-exact-10-15s-1-590475b7cc79a944.json', 'results/raw/baseline-cpsat-exact-10-15s-1-45a4aa45a25b3f04.json', 'results/raw/baseline-scip-exact-10-15s-1-c9f1d58f3cbccda9.json']",True,0,0,0.0
pyvrp,exact-15,15.0,1,FEASIBLE,results/raw/baseline-pyvrp-exact-15-15s-1-3c1a02ea8af5b237.json,"['results/raw/baseline-cbc-exact-15-15s-1-038040518229a662.json', 'results/raw/baseline-scip-exact-15-15s-1-ef993ff693b14cb5.json']",True,0,0,0.0
pyvrp,exact-20,15.0,1,FEASIBLE,results/raw/baseline-pyvrp-exact-20-15s-1-d4865d807821b11e.json,"['results/raw/baseline-cbc-exact-20-15s-1-e210bc66dbbc766c.json', 'results/raw/baseline-cbc-exact-20-60s-1-05434cddd9e4c3e3.json', 'results/raw/baseline-scip-exact-20-15s-1-0423c76335dde999.json', 'results/raw/baseline-scip-exact-20-60s-1-ca49572a6dfbeecc.json']",True,0,0,0.0
pyvrp,exact-5,15.0,1,FEASIBLE,results/raw/baseline-pyvrp-exact-5-15s-1-a8a52bdd959cfdab.json,"['results/raw/baseline-cbc-exact-5-15s-1-8a1eba753b848106.json', 'results/raw/baseline-cpsat-exact-5-15s-1-ef69ccb28ebb5c99.json', 'results/raw/baseline-scip-exact-5-15s-1-8c201c28aa59664a.json']",True,0,0,0.0
scip,exact-10,15.0,1,OPTIMAL,results/raw/baseline-scip-exact-10-15s-1-c9f1d58f3cbccda9.json,"['results/raw/baseline-cbc-exact-10-15s-1-590475b7cc79a944.json', 'results/raw/baseline-cpsat-exact-10-15s-1-45a4aa45a25b3f04.json', 'results/raw/baseline-scip-exact-10-15s-1-c9f1d58f3cbccda9.json']",True,0,0,0.0
scip,exact-15,15.0,1,OPTIMAL,results/raw/baseline-scip-exact-15-15s-1-ef993ff693b14cb5.json,"['results/raw/baseline-cbc-exact-15-15s-1-038040518229a662.json', 'results/raw/baseline-scip-exact-15-15s-1-ef993ff693b14cb5.json']",True,0,0,0.0
scip,exact-20,15.0,1,OPTIMAL,results/raw/baseline-scip-exact-20-15s-1-0423c76335dde999.json,"['results/raw/baseline-cbc-exact-20-15s-1-e210bc66dbbc766c.json', 'results/raw/baseline-cbc-exact-20-60s-1-05434cddd9e4c3e3.json', 'results/raw/baseline-scip-exact-20-15s-1-0423c76335dde999.json', 'results/raw/baseline-scip-exact-20-60s-1-ca49572a6dfbeecc.json']",True,0,0,0.0
scip,exact-20,60.0,1,OPTIMAL,results/raw/baseline-scip-exact-20-60s-1-ca49572a6dfbeecc.json,"['results/raw/baseline-cbc-exact-20-15s-1-e210bc66dbbc766c.json', 'results/raw/baseline-cbc-exact-20-60s-1-05434cddd9e4c3e3.json', 'results/raw/baseline-scip-exact-20-15s-1-0423c76335dde999.json', 'results/raw/baseline-scip-exact-20-60s-1-ca49572a6dfbeecc.json']",True,0,0,0.0
scip,exact-5,15.0,1,OPTIMAL,results/raw/baseline-scip-exact-5-15s-1-8c201c28aa59664a.json,"['results/raw/baseline-cbc-exact-5-15s-1-8a1eba753b848106.json', 'results/raw/baseline-cpsat-exact-5-15s-1-ef69ccb28ebb5c99.json', 'results/raw/baseline-scip-exact-5-15s-1-8c201c28aa59664a.json']",True,0,0,0.0
timefold,exact-10,15.0,1,FEASIBLE,results/raw/baseline-timefold-exact-10-15s-1-2c3b81627325b878.json,"['results/raw/baseline-cbc-exact-10-15s-1-590475b7cc79a944.json', 'results/raw/baseline-cpsat-exact-10-15s-1-45a4aa45a25b3f04.json', 'results/raw/baseline-scip-exact-10-15s-1-c9f1d58f3cbccda9.json']",True,0,0,0.0
timefold,exact-15,15.0,1,FEASIBLE,results/raw/baseline-timefold-exact-15-15s-1-36c9e2e8b7a8b93e.json,"['results/raw/baseline-cbc-exact-15-15s-1-038040518229a662.json', 'results/raw/baseline-scip-exact-15-15s-1-ef993ff693b14cb5.json']",False,0,1,
timefold,exact-20,15.0,1,FEASIBLE,results/raw/baseline-timefold-exact-20-15s-1-d44a76ab0e2b1084.json,"['results/raw/baseline-cbc-exact-20-15s-1-e210bc66dbbc766c.json', 'results/raw/baseline-cbc-exact-20-60s-1-05434cddd9e4c3e3.json', 'results/raw/baseline-scip-exact-20-15s-1-0423c76335dde999.json', 'results/raw/baseline-scip-exact-20-60s-1-ca49572a6dfbeecc.json']",False,0,1,
timefold,exact-5,15.0,1,FEASIBLE,results/raw/baseline-timefold-exact-5-15s-1-3f6dba276811cb65.json,"['results/raw/baseline-cbc-exact-5-15s-1-8a1eba753b848106.json', 'results/raw/baseline-cpsat-exact-5-15s-1-ef69ccb28ebb5c99.json', 'results/raw/baseline-scip-exact-5-15s-1-8c201c28aa59664a.json']",True,0,0,0.0
vroom,exact-10,15.0,1,FEASIBLE,results/raw/baseline-vroom-exact-10-15s-1-d3955b9d45c447a7.json,"['results/raw/baseline-cbc-exact-10-15s-1-590475b7cc79a944.json', 'results/raw/baseline-cpsat-exact-10-15s-1-45a4aa45a25b3f04.json', 'results/raw/baseline-scip-exact-10-15s-1-c9f1d58f3cbccda9.json']",True,0,0,0.0
vroom,exact-15,15.0,1,FEASIBLE,results/raw/baseline-vroom-exact-15-15s-1-0d425b3c1c99aa82.json,"['results/raw/baseline-cbc-exact-15-15s-1-038040518229a662.json', 'results/raw/baseline-scip-exact-15-15s-1-ef993ff693b14cb5.json']",True,0,0,0.0
vroom,exact-20,15.0,1,FEASIBLE,results/raw/baseline-vroom-exact-20-15s-1-9d442e74630c1903.json,"['results/raw/baseline-cbc-exact-20-15s-1-e210bc66dbbc766c.json', 'results/raw/baseline-cbc-exact-20-60s-1-05434cddd9e4c3e3.json', 'results/raw/baseline-scip-exact-20-15s-1-0423c76335dde999.json', 'results/raw/baseline-scip-exact-20-60s-1-ca49572a6dfbeecc.json']",True,0,0,0.0
vroom,exact-5,15.0,1,FEASIBLE,results/raw/baseline-vroom-exact-5-15s-1-e8ad0f2e2bef3f13.json,"['results/raw/baseline-cbc-exact-5-15s-1-8a1eba753b848106.json', 'results/raw/baseline-cpsat-exact-5-15s-1-ef69ccb28ebb5c99.json', 'results/raw/baseline-scip-exact-5-15s-1-8c201c28aa59664a.json']",True,0,0,0.0
