solver,adapterLOC,LOCByFile,LOCDefinition,customConstraintCount,customConstraintGroups,customOperatorsCount,customOperatorsNote,workaroundCount,workarounds,nativeFeatureCount,unsupportedFeatureCount,notCheckedFeatureCount,externalDependencies,solverForkRequiredForImplementedScope,cloudRequired,implementationNotes
ortools_routing,487,"{""adapters\\ortools_routing.py"": 105, ""adapters\\ortools_routing_extended.py"": 146, ""adapters\\linear_reference.py"": 236}","Nonempty physical lines excluding pure # or // comments; shared code included in each affected adapter, so do not sum across methods",10,"[""same division"", ""BK and all HD plus resources"", ""transport match"", ""start window and release"", ""shift finish"", ""sequence travel"", ""at most one worker per job"", ""fixed worker and exact visit times"", ""unchanged committed history"", ""current location and next availability""]",0,ALNS has two destroy and two repair families; native solver operators are not our custom code,3,"[""VehicleVar domain instead of unsupported Windows SWIG Span argument"", ""Open dummy sink"", ""Proven integer dominance weights""]",9,0,2,Python virtual environment and native wheels,False,False,Маршрутный CP-поиск: параллельная вставка и Guided Local Search. Отдельный расширенный адаптер задаёт задержки аварий через временные переменные и использует штатный warm start. Использованный параметр seed не подтверждает прямого управления случайностью локального поиска Routing.
vroom,306,"{""adapters\\vroom.py"": 70, ""adapters\\linear_reference.py"": 236}","Nonempty physical lines excluding pure # or // comments; shared code included in each affected adapter, so do not sum across methods",7,"[""same division"", ""BK and all HD plus resources"", ""transport match"", ""start window and release"", ""shift finish"", ""sequence travel"", ""at most one worker per job""]",0,ALNS has two destroy and two repair families; native solver operators are not our custom code,3,"[""Windows uint32 I buffer cast"", ""One job skill encodes complete conjunctive eligibility"", ""Fixed activation cost bounded over whole distance; 32-bit API guards""]",12,0,6,Python virtual environment and native wheels,False,False,"Локальная официальная обёртка pyvroom. Используются матрица стоимости, приоритеты и стоимость открытия маршрута. Сумма моментов начала выбранных аварий не является документированным входным критерием. Эквивалентные аварийные политики и защита действий не реализованы; service_at в режиме проверки готового плана не приравнивается к защите визита во время поиска."
jsprit,205,"{""adapters\\jsprit.py"": 3, ""adapters\\java_bridge.py"": 30, ""adapters\\java\\src\\main\\java\\research\\Bridge.java"": 75, ""adapters\\java\\src\\main\\java\\research\\JspritAdapter.java"": 97}","Nonempty physical lines excluding pure # or // comments; shared code included in each affected adapter, so do not sum across methods",7,"[""same division"", ""BK and all HD plus resources"", ""transport match"", ""start window and release"", ""shift finish"", ""sequence travel"", ""at most one worker per job""]",0,ALNS has two destroy and two repair families; native solver operators are not our custom code,4,"[""Full-route hard insertion feasibility"", ""Constant empty-route activation cost replaces progressive default"", ""Exact objective includes bounded omission penalty"", ""Null-vehicle callback uses shared car profile""]",11,0,5,Portable Java 21 + Maven jars,False,False,"Поиск с разрушением и восстановлением маршрутов, собственным критерием и проверками вставки. Для защиты действий и реакции аварий потребуется отдельная логика вставки с учётом времени и ограничения удаления визитов. Проверена только статическая политика PRIMARY."
pyvrp,81,"{""adapters\\pyvrp.py"": 81}","Nonempty physical lines excluding pure # or // comments; shared code included in each affected adapter, so do not sum across methods",7,"[""same division"", ""BK and all HD plus resources"", ""transport match"", ""start window and release"", ""shift finish"", ""sequence travel"", ""at most one worker per job""]",0,ALNS has two destroy and two repair families; native solver operators are not our custom code,5,"[""Zero-capacity eligibility dimension per worker"", ""Rescaled artificial loads for default penalty range"", ""Open dummy depot"", ""Unreachable arc sentinels exceed feasible bounds"", ""Dominating prizes and activation costs""]",11,0,5,Python virtual environment and native wheels,False,False,В версии 0.14 используется Iterated Local Search. Совместимость выражена через математические ограничения загрузки; они не добавляют реального ограничения грузоподъёмности. CostEvaluator имеет фиксированную структуру в скомпилированном ядре: для точной аварийной цели потребуется отдельно проверенное моделирование или расширение ядра. Динамический адаптер не реализован.
timefold,355,"{""adapters\\timefold.py"": 3, ""adapters\\timefold_extended.py"": 29, ""adapters\\java_bridge.py"": 30, ""adapters\\java\\src\\main\\java\\research\\Bridge.java"": 75, ""adapters\\java\\src\\main\\java\\research\\TimefoldAdapter.java"": 77, ""adapters\\java\\src\\main\\java\\research\\ExtendedBridge.java"": 141}","Nonempty physical lines excluding pure # or // comments; shared code included in each affected adapter, so do not sum across methods",10,"[""same division"", ""BK and all HD plus resources"", ""transport match"", ""start window and release"", ""shift finish"", ""sequence travel"", ""at most one worker per job"", ""fixed worker and exact visit times"", ""unchanged committed history"", ""current location and next availability""]",0,ALNS has two destroy and two repair families; native solver operators are not our custom code,3,"[""EasyScoreCalculator recomputes schedules"", ""Protected anchors explicitly checked in hard score"", ""SLF4J 1.7 transitive exclusion""]",7,0,1,Portable Java 21 + Maven jars,False,False,Community 2.6.0: списки назначений и BendableScore. Все ограничения предметной области вычисляет наш Java-калькулятор оценки. Инкрементальный расчёт и специальные ходы ещё не оптимизированы. Коммерческие функции многопоточного и разделённого поиска не используются.
cpsat,239,"{""adapters\\cpsat.py"": 3, ""adapters\\linear_reference.py"": 236}","Nonempty physical lines excluding pure # or // comments; shared code included in each affected adapter, so do not sum across methods",7,"[""same division"", ""BK and all HD plus resources"", ""transport match"", ""start window and release"", ""shift finish"", ""sequence travel"", ""at most one worker per job""]",0,ALNS has two destroy and two repair families; native solver operators are not our custom code,3,"[""Common arc-flow routing formulation"", ""Tight bounded big-M time rows"", ""Proven scalar hierarchy""]",4,0,5,Python virtual environment and native wheels,False,False,"Универсальный целочисленный CP/SAT-эталон, один поисковый поток. Постановка выражается точно, но скорость сильно зависит от потоковой маршрутной формулировки. Динамическая модель не реализована."
choco,214,"{""adapters\\choco.py"": 3, ""adapters\\java_bridge.py"": 30, ""adapters\\java\\src\\main\\java\\research\\Bridge.java"": 75, ""adapters\\java\\src\\main\\java\\research\\ChocoAdapter.java"": 106}","Nonempty physical lines excluding pure # or // comments; shared code included in each affected adapter, so do not sum across methods",7,"[""same division"", ""BK and all HD plus resources"", ""transport match"", ""start window and release"", ""shift finish"", ""sequence travel"", ""at most one worker per job""]",0,ALNS has two destroy and two repair families; native solver operators are not our custom code,3,"[""Common arc-flow CP formulation"", ""Sequential proved lexicographic stages"", ""Table substitution disabled to avoid huge-domain bitsets""]",3,0,6,Portable Java 21 + Maven jars,False,False,"Потоковая CP-модель с условными временными ограничениями. Три последовательных этапа: неназначенные заявки, штат, пробег; общий бюджет времени. OPTIMAL возвращается только после доказательства всех этапов. Выбранная стратегия поиска не использует seed; динамический адаптер не реализован."
alns,543,"{""adapters\\alns.py"": 150, ""adapters\\alns_extended.py"": 157, ""adapters\\linear_reference.py"": 236}","Nonempty physical lines excluding pure # or // comments; shared code included in each affected adapter, so do not sum across methods",10,"[""same division"", ""BK and all HD plus resources"", ""transport match"", ""start window and release"", ""shift finish"", ""sequence travel"", ""at most one worker per job"", ""fixed worker and exact visit times"", ""unchanged committed history"", ""current location and next availability""]",4,ALNS has two destroy and two repair families; native solver operators are not our custom code,3,"[""Custom feasible route state and earliest scheduling"", ""Python integer hierarchy for emergency policies"", ""Protected initial-state construction and repair""]",3,0,1,Python virtual environment and native wheels,False,False,"Это каркас поиска, а не готовый TRSP-решатель. Расписание, совместимость, целевые функции и операторы разрушения/восстановления реализованы в этом исследовании. Поддержка собственного планировщика и операторов составляет существенную часть стоимости внедрения."
scip,239,"{""adapters\\scip.py"": 3, ""adapters\\linear_reference.py"": 236}","Nonempty physical lines excluding pure # or // comments; shared code included in each affected adapter, so do not sum across methods",7,"[""same division"", ""BK and all HD plus resources"", ""transport match"", ""start window and release"", ""shift finish"", ""sequence travel"", ""at most one worker per job""]",0,ALNS has two destroy and two repair families; native solver operators are not our custom code,3,"[""Common arc-flow routing formulation"", ""Tight bounded big-M time rows"", ""Exact-integer-range scalar for double objective""]",4,0,5,Python virtual environment and native wheels,False,False,"Универсальный CIP/MIP-эталон через PySCIPOpt, установленное ядро 10.0.2. Проверяются доказательства на малых экземплярах и сохраняются границы. Динамическая модель не реализована."
cbc,239,"{""adapters\\cbc.py"": 3, ""adapters\\linear_reference.py"": 236}","Nonempty physical lines excluding pure # or // comments; shared code included in each affected adapter, so do not sum across methods",7,"[""same division"", ""BK and all HD plus resources"", ""transport match"", ""start window and release"", ""shift finish"", ""sequence travel"", ""at most one worker per job""]",0,ALNS has two destroy and two repair families; native solver operators are not our custom code,5,"[""Common arc-flow routing formulation"", ""Tight bounded big-M time rows"", ""Exact-integer-range scalar for double objective"", ""Explicit native MPS CLI plus watchdog"", ""Cgl preprocessing disabled after observed crash""]",4,0,5,Python wheel + official CBC binary,False,False,"Универсальный MILP-эталон, официальный бинарник CBC 2.10.13, один основной поток и ограничение CPU-времени. Допустимый incumbent на лимите получает FEASIBLE, даже если PuLP сообщает Optimal/solution found. Динамическая модель не реализована."
