solver,scope,policy,timeLimitSec,seed,status,rawFile,datasetVersion,matrixVersion,adapterVersion,timestamp,jobsTotal,emergencyTotal,committedJobs,wholeDayServed,reassignments,validPlanReturnedPercent,fullCoverageReturnedPercent,hardViolations,served,unassigned,servedPercent,workersUsed,distanceKm,travelMinutes,waitingMinutes,serviceMinutes,emergencyServed,emergencyUnassigned,meanResponseDelay,medianResponseDelay,maxResponseDelay,meanCompletionDelay,maxCompletionDelay,solverWallTimeMs,validationTimeMs,processWallTimeMs,peakMemoryMb,cpuTimeSampledMs,workerChanges,orderChanges,scheduleChanges,removedAssignments,newWorkersActivated,maxScheduleShiftMinutes,injectedEmergencyResponseMinutes,solverVersion,bestBound,optimalityGap,responseDelaySumSeconds,eligibleForComparison
alns,cancellation,POLICY_FAST_RESPONSE,5.0,1,FEASIBLE,results\raw\policy-alns-cancellation-POLICY_FAST_RESPONSE-5s-1-7d2f9b210bf67aa3.json,f6159e9e18b37f8c5797043ba58d636bc5f35a73eb7d274531466b83c3734f23,ee570c715a0df06f400a3815f8b508637698ad2fa314679ce6539656d9a9cfcf,3abfa623e7a78223e66f860e9b8dfd2e452f68682cda51a7e8790238b8f4f985,2026-09-18T05:55:10.482744+00:00,173,14,29,202,42,100,100,0,173,0,100.0,27,1146.154,1473.85,2893.65,9200.0,14,0,287.2714285714286,287.95000000000005,466.35,367.2714285714286,546.35,5009.913799999822,2.279300000054718,6276.570900000024,119.83984375,6000.0,42,21,77,1,1,431.21666666666664,,7.0.0,,,241308,True
alns,cancellation,POLICY_MIN_STAFF,5.0,1,FEASIBLE,results\raw\policy-alns-cancellation-POLICY_MIN_STAFF-5s-1-15dc4f3e772dab6c.json,f6159e9e18b37f8c5797043ba58d636bc5f35a73eb7d274531466b83c3734f23,ee570c715a0df06f400a3815f8b508637698ad2fa314679ce6539656d9a9cfcf,3abfa623e7a78223e66f860e9b8dfd2e452f68682cda51a7e8790238b8f4f985,2026-09-18T05:55:16.922523+00:00,173,14,29,202,41,100,100,0,173,0,100.0,25,1185.195,1499.4166666666667,2318.1,9200.0,14,0,363.6047619047619,356.26666666666665,605.5,443.6047619047619,685.5,5027.614399999948,1.231400000051508,6413.359700000001,119.73046875,6140.625,41,26,96,1,0,431.21666666666664,,7.0.0,,,305428,True
alns,cancellation,PRIMARY,5.0,1,FEASIBLE,results\raw\policy-alns-cancellation-PRIMARY-5s-1-d671886485a246fe.json,f6159e9e18b37f8c5797043ba58d636bc5f35a73eb7d274531466b83c3734f23,ee570c715a0df06f400a3815f8b508637698ad2fa314679ce6539656d9a9cfcf,3abfa623e7a78223e66f860e9b8dfd2e452f68682cda51a7e8790238b8f4f985,2026-09-18T05:55:04.061995+00:00,173,14,29,202,16,100,100,0,173,0,100.0,26,798.834,1157.7,2622.9,9200.0,14,0,453.56904761904764,498.08333333333337,697.2833333333333,533.5690476190476,777.2833333333333,5010.23639999994,2.3353000001407054,6279.424500000005,118.3828125,6031.25,16,4,26,1,0,350.05,,7.0.0,,,380998,True
alns,initial,POLICY_FAST_RESPONSE,5.0,1,FEASIBLE,results\raw\policy-alns-initial-POLICY_FAST_RESPONSE-5s-1-1b0abecaada38fe9.json,f6159e9e18b37f8c5797043ba58d636bc5f35a73eb7d274531466b83c3734f23,ee570c715a0df06f400a3815f8b508637698ad2fa314679ce6539656d9a9cfcf,3abfa623e7a78223e66f860e9b8dfd2e452f68682cda51a7e8790238b8f4f985,2026-09-18T05:53:21.099595+00:00,203,15,0,203,,100,100,0,203,0,100.0,27,1747.03,2087.9666666666667,3891.5,10820.0,15,0,174.51111111111112,165.0,404.73333333333335,254.51111111111112,484.73333333333335,5010.004799999933,2.666099999942162,6593.81499999995,119.54296875,6265.625,,,,,,,,7.0.0,,,157060,True
alns,initial,POLICY_MIN_STAFF,5.0,1,FEASIBLE,results\raw\policy-alns-initial-POLICY_MIN_STAFF-5s-1-9dd78add0be708ca.json,f6159e9e18b37f8c5797043ba58d636bc5f35a73eb7d274531466b83c3734f23,ee570c715a0df06f400a3815f8b508637698ad2fa314679ce6539656d9a9cfcf,3abfa623e7a78223e66f860e9b8dfd2e452f68682cda51a7e8790238b8f4f985,2026-09-18T05:53:27.839535+00:00,203,15,0,203,,100,100,0,203,0,100.0,27,1851.303,2164.1,3793.5333333333333,10820.0,15,0,169.69666666666666,150.58333333333334,452.3,249.69666666666666,532.3,5009.776800000054,3.185600000051636,6820.724899999959,119.921875,6390.625,,,,,,,,7.0.0,,,152727,True
alns,manual_assignment,POLICY_FAST_RESPONSE,5.0,1,FEASIBLE,results\raw\policy-alns-manual_assignment-POLICY_FAST_RESPONSE-5s-1-e1141ff0dfbc9c4f.json,f6159e9e18b37f8c5797043ba58d636bc5f35a73eb7d274531466b83c3734f23,ee570c715a0df06f400a3815f8b508637698ad2fa314679ce6539656d9a9cfcf,3abfa623e7a78223e66f860e9b8dfd2e452f68682cda51a7e8790238b8f4f985,2026-09-18T05:57:10.361470+00:00,174,14,29,203,48,100,100,0,174,0,100.0,28,906.252,1288.9,3058.1,9230.0,14,0,298.1619047619048,277.275,521.1166666666667,378.1619047619048,601.1166666666667,5007.372899999837,1.6445999999632477,6549.927300000036,120.4296875,6203.125,48,26,108,0,2,431.21666666666664,,7.0.0,,,250456,True
alns,manual_assignment,POLICY_MIN_STAFF,5.0,1,FEASIBLE,results\raw\policy-alns-manual_assignment-POLICY_MIN_STAFF-5s-1-cf46d02df0360ded.json,f6159e9e18b37f8c5797043ba58d636bc5f35a73eb7d274531466b83c3734f23,ee570c715a0df06f400a3815f8b508637698ad2fa314679ce6539656d9a9cfcf,3abfa623e7a78223e66f860e9b8dfd2e452f68682cda51a7e8790238b8f4f985,2026-09-18T05:57:17.048224+00:00,174,14,29,203,44,100,100,0,174,0,100.0,26,1004.513,1372.7,2398.45,9230.0,14,0,314.3654761904762,301.7833333333333,521.3833333333333,394.3654761904762,601.3833333333333,5013.7842999999975,1.6175000000657747,6533.485599999949,120.1953125,6281.25,44,17,96,0,0,431.21666666666664,,7.0.0,,,264067,True
alns,manual_assignment,PRIMARY,5.0,1,FEASIBLE,results\raw\policy-alns-manual_assignment-PRIMARY-5s-1-9e3e07cfb8740090.json,f6159e9e18b37f8c5797043ba58d636bc5f35a73eb7d274531466b83c3734f23,ee570c715a0df06f400a3815f8b508637698ad2fa314679ce6539656d9a9cfcf,3abfa623e7a78223e66f860e9b8dfd2e452f68682cda51a7e8790238b8f4f985,2026-09-18T05:57:03.641026+00:00,174,14,29,203,19,100,100,0,174,0,100.0,26,818.527,1194.2333333333333,2495.75,9230.0,14,0,430.0702380952381,464.10833333333335,678.0833333333334,510.0702380952381,758.0833333333334,5067.448199999944,1.7417999999906897,6616.333599999962,118.76953125,6343.75,19,12,43,0,0,117.4,,7.0.0,,,361259,True
alns,manual_time,POLICY_FAST_RESPONSE,5.0,1,FEASIBLE,results\raw\policy-alns-manual_time-POLICY_FAST_RESPONSE-5s-1-98b110979315ced6.json,f6159e9e18b37f8c5797043ba58d636bc5f35a73eb7d274531466b83c3734f23,ee570c715a0df06f400a3815f8b508637698ad2fa314679ce6539656d9a9cfcf,3abfa623e7a78223e66f860e9b8dfd2e452f68682cda51a7e8790238b8f4f985,2026-09-18T05:58:09.878083+00:00,174,14,29,203,50,100,100,0,174,0,100.0,27,1124.55,1470.1,2535.95,9230.0,14,0,278.0607142857143,278.025,446.48333333333335,358.0607142857143,526.4833333333333,5011.249200000066,1.606699999911143,6550.508699999909,119.1171875,6265.625,50,21,88,0,1,431.21666666666664,,7.0.0,,,233571,True
alns,manual_time,POLICY_MIN_STAFF,5.0,1,FEASIBLE,results\raw\policy-alns-manual_time-POLICY_MIN_STAFF-5s-1-184a7bf1510a9587.json,f6159e9e18b37f8c5797043ba58d636bc5f35a73eb7d274531466b83c3734f23,ee570c715a0df06f400a3815f8b508637698ad2fa314679ce6539656d9a9cfcf,3abfa623e7a78223e66f860e9b8dfd2e452f68682cda51a7e8790238b8f4f985,2026-09-18T05:58:16.569637+00:00,174,14,29,203,38,100,100,0,174,0,100.0,25,1199.288,1521.5166666666667,2271.45,9230.0,14,0,363.6047619047619,356.26666666666665,605.5,443.6047619047619,685.5,5019.238600000108,2.829099999871687,6610.630199999832,119.21875,6296.875,38,28,93,0,0,431.21666666666664,,7.0.0,,,305428,True
alns,manual_time,PRIMARY,5.0,1,FEASIBLE,results\raw\policy-alns-manual_time-PRIMARY-5s-1-81738280f91e90c0.json,f6159e9e18b37f8c5797043ba58d636bc5f35a73eb7d274531466b83c3734f23,ee570c715a0df06f400a3815f8b508637698ad2fa314679ce6539656d9a9cfcf,3abfa623e7a78223e66f860e9b8dfd2e452f68682cda51a7e8790238b8f4f985,2026-09-18T05:58:03.187687+00:00,174,14,29,203,16,100,100,0,174,0,100.0,26,799.227,1158.7666666666667,2591.8333333333335,9230.0,14,0,453.56904761904764,498.08333333333337,697.2833333333333,533.5690476190476,777.2833333333333,5008.096300000034,103.72320000010404,6545.2631999999085,118.3671875,6250.0,16,4,27,0,0,350.05,,7.0.0,,,380998,True
alns,new_emergency,POLICY_FAST_RESPONSE,5.0,1,FEASIBLE,results\raw\policy-alns-new_emergency-POLICY_FAST_RESPONSE-5s-1-8a8ad9e0c4b3f961.json,f6159e9e18b37f8c5797043ba58d636bc5f35a73eb7d274531466b83c3734f23,ee570c715a0df06f400a3815f8b508637698ad2fa314679ce6539656d9a9cfcf,3abfa623e7a78223e66f860e9b8dfd2e452f68682cda51a7e8790238b8f4f985,2026-09-18T05:54:13.074057+00:00,175,15,29,204,57,100,100,0,175,0,100.0,28,1164.304,1479.4,2919.3333333333335,9310.0,15,0,272.77,263.95,475.56666666666666,352.77,555.5666666666667,5017.349499999909,1.5975999999682244,6374.68530000001,121.46484375,6062.5,57,15,100,0,2,441.2,95.71666666666667,7.0.0,,,245493,True
alns,new_emergency,POLICY_MIN_STAFF,5.0,1,FEASIBLE,results\raw\policy-alns-new_emergency-POLICY_MIN_STAFF-5s-1-38cbf26200b0358f.json,f6159e9e18b37f8c5797043ba58d636bc5f35a73eb7d274531466b83c3734f23,ee570c715a0df06f400a3815f8b508637698ad2fa314679ce6539656d9a9cfcf,3abfa623e7a78223e66f860e9b8dfd2e452f68682cda51a7e8790238b8f4f985,2026-09-18T05:54:19.612995+00:00,175,15,29,204,38,100,100,0,175,0,100.0,25,1139.102,1443.6,2174.8,9310.0,15,0,347.63444444444445,324.81666666666666,601.5333333333333,427.63444444444445,681.5333333333333,5019.499400000086,1.8218000000160828,6450.44340000004,118.93359375,6250.0,38,22,82,0,0,431.21666666666664,5.666666666666667,7.0.0,,,312871,True
alns,new_emergency,PRIMARY,5.0,1,FEASIBLE,results\raw\policy-alns-new_emergency-PRIMARY-5s-1-3acaa0923bc39bda.json,f6159e9e18b37f8c5797043ba58d636bc5f35a73eb7d274531466b83c3734f23,ee570c715a0df06f400a3815f8b508637698ad2fa314679ce6539656d9a9cfcf,3abfa623e7a78223e66f860e9b8dfd2e452f68682cda51a7e8790238b8f4f985,2026-09-18T05:54:06.453946+00:00,175,15,29,204,12,100,100,0,175,0,100.0,26,858.707,1213.9666666666667,2511.2,9310.0,15,0,414.7033333333333,444.1,686.4333333333333,494.7033333333333,766.4333333333333,5009.977200000094,1.3370000001486915,6475.149900000133,119.3984375,6296.875,12,5,31,0,0,95.8,95.66666666666667,7.0.0,,,373233,True
alns,worker_unavailability,POLICY_FAST_RESPONSE,5.0,1,FEASIBLE,results\raw\policy-alns-worker_unavailability-POLICY_FAST_RESPONSE-5s-1-8fcf88321feead3a.json,f6159e9e18b37f8c5797043ba58d636bc5f35a73eb7d274531466b83c3734f23,ee570c715a0df06f400a3815f8b508637698ad2fa314679ce6539656d9a9cfcf,3abfa623e7a78223e66f860e9b8dfd2e452f68682cda51a7e8790238b8f4f985,2026-09-18T05:56:09.779425+00:00,174,14,29,202,51,100,0,0,173,1,99.42528735632185,29,1227.579,1524.6666666666667,2990.366666666667,9200.0,14,0,285.83214285714286,277.6333333333333,458.1666666666667,365.83214285714286,538.1666666666666,5015.2002000002085,2.1553000001404143,6797.716499999979,120.4375,5937.5,51,27,105,1,3,431.21666666666664,,7.0.0,,,240099,True
alns,worker_unavailability,POLICY_MIN_STAFF,5.0,1,FEASIBLE,results\raw\policy-alns-worker_unavailability-POLICY_MIN_STAFF-5s-1-c381819bada01398.json,f6159e9e18b37f8c5797043ba58d636bc5f35a73eb7d274531466b83c3734f23,ee570c715a0df06f400a3815f8b508637698ad2fa314679ce6539656d9a9cfcf,3abfa623e7a78223e66f860e9b8dfd2e452f68682cda51a7e8790238b8f4f985,2026-09-18T05:56:16.833739+00:00,174,14,29,202,50,100,0,0,173,1,99.42528735632185,27,1176.052,1479.05,2830.8333333333335,9200.0,14,0,371.6428571428571,373.925,636.65,451.6428571428571,716.65,5036.575299999868,2.2178000001531473,6991.644699999824,118.6875,6359.375,50,22,95,1,2,431.21666666666664,,7.0.0,,,312180,True
alns,worker_unavailability,PRIMARY,5.0,1,FEASIBLE,results\raw\policy-alns-worker_unavailability-PRIMARY-5s-1-5778c29f7fcd5c3d.json,f6159e9e18b37f8c5797043ba58d636bc5f35a73eb7d274531466b83c3734f23,ee570c715a0df06f400a3815f8b508637698ad2fa314679ce6539656d9a9cfcf,3abfa623e7a78223e66f860e9b8dfd2e452f68682cda51a7e8790238b8f4f985,2026-09-18T05:56:02.424820+00:00,174,14,29,202,26,100,0,0,173,1,99.42528735632185,28,794.594,1155.85,3058.616666666667,9200.0,14,0,428.5654761904762,463.95000000000005,686.4333333333333,508.5654761904762,766.4333333333333,5013.1613000000925,1.3317999998889718,7271.49089999989,118.26171875,6296.875,26,9,47,1,2,110.13333333333334,,7.0.0,,,359995,True
ortools_routing,cancellation,POLICY_FAST_RESPONSE,5.0,1,FEASIBLE,results\raw\policy-ortools_routing-cancellation-POLICY_FAST_RESPONSE-5s-1-adf391abae4a0715.json,f6159e9e18b37f8c5797043ba58d636bc5f35a73eb7d274531466b83c3734f23,ee570c715a0df06f400a3815f8b508637698ad2fa314679ce6539656d9a9cfcf,c64dcd6c089bb5da3fa33c6453859f06344bf39fc8afb5c4d0982f43743e4308,2026-09-18T05:54:52.509797+00:00,173,14,29,202,22,100,100,0,173,0,100.0,28,1003.044,1326.6333333333334,3081.85,9200.0,14,0,325.2345238095238,308.65,567.5333333333333,405.2345238095238,647.5333333333333,5146.221100000048,1.98909999994612,5582.241100000147,60.18359375,5343.75,22,14,50,1,2,363.8833333333333,,9.15.6755,,,273197,True
ortools_routing,cancellation,POLICY_MIN_STAFF,5.0,1,FEASIBLE,results\raw\policy-ortools_routing-cancellation-POLICY_MIN_STAFF-5s-1-88b4091e7a324b96.json,f6159e9e18b37f8c5797043ba58d636bc5f35a73eb7d274531466b83c3734f23,ee570c715a0df06f400a3815f8b508637698ad2fa314679ce6539656d9a9cfcf,c64dcd6c089bb5da3fa33c6453859f06344bf39fc8afb5c4d0982f43743e4308,2026-09-18T05:54:58.280627+00:00,173,14,29,202,8,100,100,0,173,0,100.0,26,897.324,1260.3333333333333,2402.5666666666666,9200.0,14,0,334.4940476190476,325.0083333333333,572.6666666666666,414.4940476190476,652.6666666666666,5126.619099999971,1.6107999999803724,5653.332200000023,60.390625,5406.25,8,16,37,1,0,431.21666666666664,,9.15.6755,,,280975,True
ortools_routing,cancellation,PRIMARY,5.0,1,FEASIBLE,results\raw\policy-ortools_routing-cancellation-PRIMARY-5s-1-0fed5b7875e1ece2.json,f6159e9e18b37f8c5797043ba58d636bc5f35a73eb7d274531466b83c3734f23,ee570c715a0df06f400a3815f8b508637698ad2fa314679ce6539656d9a9cfcf,c64dcd6c089bb5da3fa33c6453859f06344bf39fc8afb5c4d0982f43743e4308,2026-09-18T05:54:46.781247+00:00,173,14,29,202,0,100,100,0,173,0,100.0,26,869.796,1222.7333333333333,2576.2166666666667,9200.0,14,0,428.5654761904762,463.95000000000005,686.4333333333333,508.5654761904762,766.4333333333333,5103.612799999837,1.6012999999475142,5608.382199999824,60.62890625,5343.75,0,0,0,1,0,0.0,,9.15.6755,,,359995,True
ortools_routing,initial,POLICY_FAST_RESPONSE,5.0,1,FEASIBLE,results\raw\policy-ortools_routing-initial-POLICY_FAST_RESPONSE-5s-1-6200e3cb72c85461.json,f6159e9e18b37f8c5797043ba58d636bc5f35a73eb7d274531466b83c3734f23,ee570c715a0df06f400a3815f8b508637698ad2fa314679ce6539656d9a9cfcf,c64dcd6c089bb5da3fa33c6453859f06344bf39fc8afb5c4d0982f43743e4308,2026-09-18T05:53:09.441211+00:00,203,15,0,203,,100,100,0,203,0,100.0,27,1369.87,1775.4833333333333,4244.566666666667,10820.0,15,0,198.82555555555555,186.61666666666667,494.18333333333334,278.8255555555556,574.1833333333333,5130.622899999935,3.229300000157309,5656.298499999821,61.53515625,5281.25,,,,,,,,9.15.6755,,,178943,True
ortools_routing,initial,POLICY_MIN_STAFF,5.0,1,FEASIBLE,results\raw\policy-ortools_routing-initial-POLICY_MIN_STAFF-5s-1-b1c867ba177cf1b8.json,f6159e9e18b37f8c5797043ba58d636bc5f35a73eb7d274531466b83c3734f23,ee570c715a0df06f400a3815f8b508637698ad2fa314679ce6539656d9a9cfcf,c64dcd6c089bb5da3fa33c6453859f06344bf39fc8afb5c4d0982f43743e4308,2026-09-18T05:53:15.253697+00:00,203,15,0,203,,100,100,0,203,0,100.0,25,1413.587,1831.1,3335.116666666667,10820.0,15,0,224.14111111111112,186.61666666666667,536.3166666666667,304.1411111111111,616.3166666666667,5136.203699999896,2.221899999995003,5677.987900000062,61.53125,5203.125,,,,,,,,9.15.6755,,,201727,True
ortools_routing,manual_assignment,POLICY_FAST_RESPONSE,5.0,1,FEASIBLE,results\raw\policy-ortools_routing-manual_assignment-POLICY_FAST_RESPONSE-5s-1-35e03aaed84295ed.json,f6159e9e18b37f8c5797043ba58d636bc5f35a73eb7d274531466b83c3734f23,ee570c715a0df06f400a3815f8b508637698ad2fa314679ce6539656d9a9cfcf,c64dcd6c089bb5da3fa33c6453859f06344bf39fc8afb5c4d0982f43743e4308,2026-09-18T05:56:52.000570+00:00,174,14,29,203,43,100,100,0,174,0,100.0,28,830.381,1207.0333333333333,2936.3166666666666,9230.0,14,0,323.3392857142857,293.01666666666665,572.0,403.3392857142857,652.0,5115.058999999974,2.1509999999125284,5699.138299999959,60.171875,5343.75,43,20,82,0,2,363.8833333333333,,9.15.6755,,,271605,True
ortools_routing,manual_assignment,POLICY_MIN_STAFF,5.0,1,FEASIBLE,results\raw\policy-ortools_routing-manual_assignment-POLICY_MIN_STAFF-5s-1-1270273bcde62b70.json,f6159e9e18b37f8c5797043ba58d636bc5f35a73eb7d274531466b83c3734f23,ee570c715a0df06f400a3815f8b508637698ad2fa314679ce6539656d9a9cfcf,c64dcd6c089bb5da3fa33c6453859f06344bf39fc8afb5c4d0982f43743e4308,2026-09-18T05:56:57.815339+00:00,174,14,29,203,55,100,100,0,174,0,100.0,26,945.886,1310.45,2503.8333333333335,9230.0,14,0,324.40238095238095,300.95833333333337,541.9166666666666,404.40238095238095,621.9166666666666,5106.719000000112,1.5174000000115484,5693.985999999995,60.30078125,5312.5,55,12,88,0,1,441.2,,9.15.6755,,,272498,True
ortools_routing,manual_assignment,PRIMARY,5.0,1,FEASIBLE,results\raw\policy-ortools_routing-manual_assignment-PRIMARY-5s-1-7889c585143f91e2.json,f6159e9e18b37f8c5797043ba58d636bc5f35a73eb7d274531466b83c3734f23,ee570c715a0df06f400a3815f8b508637698ad2fa314679ce6539656d9a9cfcf,c64dcd6c089bb5da3fa33c6453859f06344bf39fc8afb5c4d0982f43743e4308,2026-09-18T05:56:46.128747+00:00,174,14,29,203,42,100,100,0,174,0,100.0,27,797.097,1162.4166666666667,3004.55,9230.0,14,0,417.01428571428573,424.4083333333333,686.4333333333333,497.01428571428573,766.4333333333333,5138.643099999854,1.8359999999120191,5747.701900000038,59.921875,5265.625,42,12,57,0,1,161.71666666666667,,9.15.6755,,,350292,True
ortools_routing,manual_time,POLICY_FAST_RESPONSE,5.0,1,FEASIBLE,results\raw\policy-ortools_routing-manual_time-POLICY_FAST_RESPONSE-5s-1-8e5d5f482e840d55.json,f6159e9e18b37f8c5797043ba58d636bc5f35a73eb7d274531466b83c3734f23,ee570c715a0df06f400a3815f8b508637698ad2fa314679ce6539656d9a9cfcf,c64dcd6c089bb5da3fa33c6453859f06344bf39fc8afb5c4d0982f43743e4308,2026-09-18T05:57:51.372830+00:00,174,14,29,203,22,100,100,0,174,0,100.0,28,1003.437,1327.7,3050.7833333333333,9230.0,14,0,325.2345238095238,308.65,567.5333333333333,405.2345238095238,647.5333333333333,5157.003199999963,1.6554000001178792,5892.070999999987,60.4765625,5421.875,22,14,51,0,2,363.8833333333333,,9.15.6755,,,273197,True
ortools_routing,manual_time,POLICY_MIN_STAFF,5.0,1,FEASIBLE,results\raw\policy-ortools_routing-manual_time-POLICY_MIN_STAFF-5s-1-9267b95adc2152b2.json,f6159e9e18b37f8c5797043ba58d636bc5f35a73eb7d274531466b83c3734f23,ee570c715a0df06f400a3815f8b508637698ad2fa314679ce6539656d9a9cfcf,c64dcd6c089bb5da3fa33c6453859f06344bf39fc8afb5c4d0982f43743e4308,2026-09-18T05:57:57.350448+00:00,174,14,29,203,8,100,100,0,174,0,100.0,26,897.717,1261.4,2371.5,9230.0,14,0,334.4940476190476,325.0083333333333,572.6666666666666,414.4940476190476,652.6666666666666,5111.258599999928,1.5831000000616768,5698.539600000004,60.53125,5375.0,8,16,38,0,0,431.21666666666664,,9.15.6755,,,280975,True
ortools_routing,manual_time,PRIMARY,5.0,1,FEASIBLE,results\raw\policy-ortools_routing-manual_time-PRIMARY-5s-1-852d8e4803107a87.json,f6159e9e18b37f8c5797043ba58d636bc5f35a73eb7d274531466b83c3734f23,ee570c715a0df06f400a3815f8b508637698ad2fa314679ce6539656d9a9cfcf,c64dcd6c089bb5da3fa33c6453859f06344bf39fc8afb5c4d0982f43743e4308,2026-09-18T05:57:45.281510+00:00,174,14,29,203,0,100,100,0,174,0,100.0,26,870.189,1223.8,2545.15,9230.0,14,0,428.5654761904762,463.95000000000005,686.4333333333333,508.5654761904762,766.4333333333333,5142.079299999978,2.6299000001017703,5875.296700000035,60.14453125,5031.25,0,0,1,0,0,5.0,,9.15.6755,,,359995,True
ortools_routing,new_emergency,POLICY_FAST_RESPONSE,5.0,1,FEASIBLE,results\raw\policy-ortools_routing-new_emergency-POLICY_FAST_RESPONSE-5s-1-427e86d917b936c5.json,f6159e9e18b37f8c5797043ba58d636bc5f35a73eb7d274531466b83c3734f23,ee570c715a0df06f400a3815f8b508637698ad2fa314679ce6539656d9a9cfcf,c64dcd6c089bb5da3fa33c6453859f06344bf39fc8afb5c4d0982f43743e4308,2026-09-18T05:53:54.743821+00:00,175,15,29,204,25,100,100,0,175,0,100.0,28,1009.725,1339.0833333333333,2951.9333333333334,9310.0,15,0,309.95666666666665,292.1,567.5333333333333,389.95666666666665,647.5333333333333,5108.082599999989,2.5832000001173583,5619.814399999996,60.24609375,5359.375,25,16,53,0,2,431.21666666666664,85.66666666666667,9.15.6755,,,278961,True
ortools_routing,new_emergency,POLICY_MIN_STAFF,5.0,1,FEASIBLE,results\raw\policy-ortools_routing-new_emergency-POLICY_MIN_STAFF-5s-1-7cb845d0b4dda3d5.json,f6159e9e18b37f8c5797043ba58d636bc5f35a73eb7d274531466b83c3734f23,ee570c715a0df06f400a3815f8b508637698ad2fa314679ce6539656d9a9cfcf,c64dcd6c089bb5da3fa33c6453859f06344bf39fc8afb5c4d0982f43743e4308,2026-09-18T05:54:00.529094+00:00,175,15,29,204,13,100,100,0,175,0,100.0,26,897.431,1259.85,2351.116666666667,9310.0,15,0,323.2388888888889,324.81666666666666,572.6666666666666,403.2388888888889,652.6666666666666,5159.27210000018,1.4050000002043816,5765.073999999913,60.58203125,5437.5,13,13,39,0,0,431.21666666666664,5.666666666666667,9.15.6755,,,290915,True
ortools_routing,new_emergency,PRIMARY,5.0,1,FEASIBLE,results\raw\policy-ortools_routing-new_emergency-PRIMARY-5s-1-a4190e61b4a79bff.json,f6159e9e18b37f8c5797043ba58d636bc5f35a73eb7d274531466b83c3734f23,ee570c715a0df06f400a3815f8b508637698ad2fa314679ce6539656d9a9cfcf,c64dcd6c089bb5da3fa33c6453859f06344bf39fc8afb5c4d0982f43743e4308,2026-09-18T05:53:49.064571+00:00,175,15,29,204,2,100,100,0,175,0,100.0,26,872.711,1227.1166666666666,2487.2166666666667,9310.0,15,0,401.3977777777778,444.1,686.4333333333333,481.3977777777778,766.4333333333333,5103.128799999922,1.2469000000692176,5580.160399999841,60.26171875,5390.625,2,4,8,0,0,109.78333333333333,5.666666666666667,9.15.6755,,,361258,True
ortools_routing,worker_unavailability,POLICY_FAST_RESPONSE,5.0,1,FEASIBLE,results\raw\policy-ortools_routing-worker_unavailability-POLICY_FAST_RESPONSE-5s-1-983a1dfe9305aa93.json,f6159e9e18b37f8c5797043ba58d636bc5f35a73eb7d274531466b83c3734f23,ee570c715a0df06f400a3815f8b508637698ad2fa314679ce6539656d9a9cfcf,c64dcd6c089bb5da3fa33c6453859f06344bf39fc8afb5c4d0982f43743e4308,2026-09-18T05:55:50.596023+00:00,174,14,29,202,60,100,0,0,173,1,99.42528735632185,30,802.345,1161.1166666666666,3465.4,9200.0,14,0,323.3392857142857,293.01666666666665,572.0,403.3392857142857,652.0,5122.225800000024,1.8923000000086176,5697.38940000002,60.2578125,5390.625,60,20,103,1,4,363.8833333333333,,9.15.6755,,,271605,True
ortools_routing,worker_unavailability,POLICY_MIN_STAFF,5.0,1,FEASIBLE,results\raw\policy-ortools_routing-worker_unavailability-POLICY_MIN_STAFF-5s-1-a815810f1af793d4.json,f6159e9e18b37f8c5797043ba58d636bc5f35a73eb7d274531466b83c3734f23,ee570c715a0df06f400a3815f8b508637698ad2fa314679ce6539656d9a9cfcf,c64dcd6c089bb5da3fa33c6453859f06344bf39fc8afb5c4d0982f43743e4308,2026-09-18T05:55:56.442222+00:00,174,14,29,202,70,100,0,0,173,1,99.42528735632185,29,889.129,1228.9833333333333,3420.883333333333,9200.0,14,0,324.36785714285713,300.95833333333337,541.9166666666666,404.36785714285713,621.9166666666666,5126.148000000057,2.295999999887499,5751.430300000038,60.16796875,4921.875,70,16,110,1,4,363.8833333333333,,9.15.6755,,,272469,True
ortools_routing,worker_unavailability,PRIMARY,5.0,1,FEASIBLE,results\raw\policy-ortools_routing-worker_unavailability-PRIMARY-5s-1-1abe2ae0bbda521e.json,f6159e9e18b37f8c5797043ba58d636bc5f35a73eb7d274531466b83c3734f23,ee570c715a0df06f400a3815f8b508637698ad2fa314679ce6539656d9a9cfcf,c64dcd6c089bb5da3fa33c6453859f06344bf39fc8afb5c4d0982f43743e4308,2026-09-18T05:55:44.760415+00:00,174,14,29,202,65,100,0,0,173,1,99.42528735632185,29,771.279,1117.8,3454.0833333333335,9200.0,14,0,441.2369047619048,463.95000000000005,686.4333333333333,521.2369047619047,766.4333333333333,5135.481000000027,1.8875000000662112,5803.31840000008,60.01953125,5484.375,65,8,88,1,3,185.3,,9.15.6755,,,370639,True
timefold,cancellation,POLICY_FAST_RESPONSE,5.0,1,FEASIBLE,results\raw\policy-timefold-cancellation-POLICY_FAST_RESPONSE-5s-1-63a46714c7812d84.json,f6159e9e18b37f8c5797043ba58d636bc5f35a73eb7d274531466b83c3734f23,ee570c715a0df06f400a3815f8b508637698ad2fa314679ce6539656d9a9cfcf,8d250ed43457e16bf066f55ee1850510402ae8c4d4a6deb6157b105ce528248d,2026-09-18T05:55:30.604678+00:00,173,14,29,202,83,100,100,0,173,0,100.0,34,1630.852,2045.4833333333333,4924.8,9200.0,14,0,410.9404761904762,430.125,628.95,490.9404761904762,708.95,6600.206600000092,2.4505000001227017,6951.467599999887,287.97265625,10875.0,83,12,115,1,8,352.0833333333333,,2.6.0,,,345190,True
timefold,cancellation,POLICY_MIN_STAFF,5.0,1,FEASIBLE,results\raw\policy-timefold-cancellation-POLICY_MIN_STAFF-5s-1-461bcd9e4e2a80b7.json,f6159e9e18b37f8c5797043ba58d636bc5f35a73eb7d274531466b83c3734f23,ee570c715a0df06f400a3815f8b508637698ad2fa314679ce6539656d9a9cfcf,8d250ed43457e16bf066f55ee1850510402ae8c4d4a6deb6157b105ce528248d,2026-09-18T05:55:37.664936+00:00,173,14,29,202,48,100,100,0,173,0,100.0,26,1380.018,1812.6833333333334,2228.116666666667,9200.0,14,0,397.23214285714283,404.21666666666664,687.1666666666666,477.23214285714283,767.1666666666666,6477.968200000078,1.8605999998726475,6873.293899999908,287.57421875,10343.75,48,13,101,1,0,373.95,,2.6.0,,,333675,True
timefold,cancellation,PRIMARY,5.0,1,FEASIBLE,results\raw\policy-timefold-cancellation-PRIMARY-5s-1-35a7038878ed3e73.json,f6159e9e18b37f8c5797043ba58d636bc5f35a73eb7d274531466b83c3734f23,ee570c715a0df06f400a3815f8b508637698ad2fa314679ce6539656d9a9cfcf,8d250ed43457e16bf066f55ee1850510402ae8c4d4a6deb6157b105ce528248d,2026-09-18T05:55:23.469596+00:00,173,14,29,202,0,100,100,0,173,0,100.0,26,869.796,1222.7333333333333,2576.2166666666667,9200.0,14,0,428.5654761904762,463.95000000000005,686.4333333333333,508.5654761904762,766.4333333333333,6628.149400000211,2.5676000000203203,7027.763499999992,278.3515625,9781.25,0,0,0,1,0,0.0,,2.6.0,,,359995,True
timefold,initial,POLICY_FAST_RESPONSE,5.0,1,FEASIBLE,results\raw\policy-timefold-initial-POLICY_FAST_RESPONSE-5s-1-4164d4c055332724.json,f6159e9e18b37f8c5797043ba58d636bc5f35a73eb7d274531466b83c3734f23,ee570c715a0df06f400a3815f8b508637698ad2fa314679ce6539656d9a9cfcf,8d250ed43457e16bf066f55ee1850510402ae8c4d4a6deb6157b105ce528248d,2026-09-18T05:53:34.763326+00:00,203,15,0,186,,100,0,0,186,17,91.6256157635468,27,1733.485,2140.616666666667,4632.216666666666,10280.0,15,0,326.79555555555555,389.6666666666667,630.9833333333333,406.79555555555555,710.9833333333333,6609.736000000112,2.8339999998934218,6978.010799999993,282.34375,10375.0,,,,,,,,2.6.0,,,294116,True
timefold,initial,POLICY_MIN_STAFF,5.0,1,FEASIBLE,results\raw\policy-timefold-initial-POLICY_MIN_STAFF-5s-1-8d2cea1783aa2429.json,f6159e9e18b37f8c5797043ba58d636bc5f35a73eb7d274531466b83c3734f23,ee570c715a0df06f400a3815f8b508637698ad2fa314679ce6539656d9a9cfcf,8d250ed43457e16bf066f55ee1850510402ae8c4d4a6deb6157b105ce528248d,2026-09-18T05:53:41.877895+00:00,203,15,0,194,,100,0,0,194,9,95.56650246305419,26,1793.655,2228.55,4073.3166666666666,10570.0,15,0,344.09444444444443,389.6666666666667,630.9833333333333,424.09444444444443,710.9833333333333,6702.0036999999775,3.1261000001450157,7067.572900000187,278.359375,9890.625,,,,,,,,2.6.0,,,309685,True
timefold,manual_assignment,POLICY_FAST_RESPONSE,5.0,1,FEASIBLE,results\raw\policy-timefold-manual_assignment-POLICY_FAST_RESPONSE-5s-1-f960b7f18a7be05d.json,f6159e9e18b37f8c5797043ba58d636bc5f35a73eb7d274531466b83c3734f23,ee570c715a0df06f400a3815f8b508637698ad2fa314679ce6539656d9a9cfcf,8d250ed43457e16bf066f55ee1850510402ae8c4d4a6deb6157b105ce528248d,2026-09-18T05:57:30.996976+00:00,174,14,29,203,91,100,100,0,174,0,100.0,34,1718.869,2132.0833333333335,5075.8,9230.0,14,0,393.42857142857144,392.0,617.85,473.42857142857144,697.85,6480.285200000026,5.072899999959191,6886.456800000133,284.07421875,10406.25,91,20,140,0,8,441.2,,2.6.0,,,330480,True
timefold,manual_assignment,POLICY_MIN_STAFF,5.0,1,FEASIBLE,results\raw\policy-timefold-manual_assignment-POLICY_MIN_STAFF-5s-1-8942ed457d77458d.json,f6159e9e18b37f8c5797043ba58d636bc5f35a73eb7d274531466b83c3734f23,ee570c715a0df06f400a3815f8b508637698ad2fa314679ce6539656d9a9cfcf,8d250ed43457e16bf066f55ee1850510402ae8c4d4a6deb6157b105ce528248d,2026-09-18T05:57:38.018522+00:00,174,14,29,203,3,100,100,0,174,0,100.0,26,893.628,1258.0666666666666,2426.85,9230.0,14,0,409.8702380952381,444.8,648.1333333333333,489.8702380952381,728.1333333333333,6697.782799999914,3.120000000080836,7098.975800000062,287.1015625,10625.0,3,4,13,0,0,77.86666666666666,,2.6.0,,,344291,True
timefold,manual_assignment,PRIMARY,5.0,1,FEASIBLE,results\raw\policy-timefold-manual_assignment-PRIMARY-5s-1-222f74e8690b0fb9.json,f6159e9e18b37f8c5797043ba58d636bc5f35a73eb7d274531466b83c3734f23,ee570c715a0df06f400a3815f8b508637698ad2fa314679ce6539656d9a9cfcf,8d250ed43457e16bf066f55ee1850510402ae8c4d4a6deb6157b105ce528248d,2026-09-18T05:57:23.734282+00:00,174,14,29,203,3,100,100,0,174,0,100.0,26,893.627,1258.3,2464.9166666666665,9230.0,14,0,428.5654761904762,463.95000000000005,686.4333333333333,508.5654761904762,766.4333333333333,6732.814899999994,3.507800000079442,7141.555299999936,283.8515625,10437.5,3,2,6,0,0,77.86666666666666,,2.6.0,,,359995,True
timefold,manual_time,POLICY_FAST_RESPONSE,5.0,1,FEASIBLE,results\raw\policy-timefold-manual_time-POLICY_FAST_RESPONSE-5s-1-f255ea9ec6bb9e85.json,f6159e9e18b37f8c5797043ba58d636bc5f35a73eb7d274531466b83c3734f23,ee570c715a0df06f400a3815f8b508637698ad2fa314679ce6539656d9a9cfcf,8d250ed43457e16bf066f55ee1850510402ae8c4d4a6deb6157b105ce528248d,2026-09-18T05:58:31.028845+00:00,174,14,29,203,61,100,100,0,174,0,100.0,32,1475.511,1897.8166666666666,4025.7,9230.0,14,0,409.75119047619046,404.67499999999995,688.6333333333333,489.75119047619046,768.6333333333333,6745.891499999971,4.770700000108263,7177.954900000032,280.6875,9765.625,61,12,119,0,6,283.95,,2.6.0,,,344191,True
timefold,manual_time,POLICY_MIN_STAFF,5.0,1,FEASIBLE,results\raw\policy-timefold-manual_time-POLICY_MIN_STAFF-5s-1-081a463d867f5b62.json,f6159e9e18b37f8c5797043ba58d636bc5f35a73eb7d274531466b83c3734f23,ee570c715a0df06f400a3815f8b508637698ad2fa314679ce6539656d9a9cfcf,8d250ed43457e16bf066f55ee1850510402ae8c4d4a6deb6157b105ce528248d,2026-09-18T05:58:38.412560+00:00,174,14,29,203,1,100,100,0,174,0,100.0,26,888.079,1246.7666666666667,2510.8,9230.0,14,0,427.752380952381,463.95000000000005,686.4333333333333,507.752380952381,766.4333333333333,7000.758200000064,2.7721999999812397,7484.887300000082,270.54296875,10000.0,1,0,4,0,0,40.43333333333333,,2.6.0,,,359312,True
timefold,manual_time,PRIMARY,5.0,1,FEASIBLE,results\raw\policy-timefold-manual_time-PRIMARY-5s-1-daba97d2f4f149a3.json,f6159e9e18b37f8c5797043ba58d636bc5f35a73eb7d274531466b83c3734f23,ee570c715a0df06f400a3815f8b508637698ad2fa314679ce6539656d9a9cfcf,8d250ed43457e16bf066f55ee1850510402ae8c4d4a6deb6157b105ce528248d,2026-09-18T05:58:23.365924+00:00,174,14,29,203,0,100,100,0,174,0,100.0,26,870.189,1223.8,2545.15,9230.0,14,0,428.5654761904762,463.95000000000005,686.4333333333333,508.5654761904762,766.4333333333333,7087.7081000001,3.378099999963524,7508.569500000021,287.72265625,10546.875,0,0,1,0,0,5.0,,2.6.0,,,359995,True
timefold,new_emergency,POLICY_FAST_RESPONSE,5.0,1,FEASIBLE,results\raw\policy-timefold-new_emergency-POLICY_FAST_RESPONSE-5s-1-3d52c4db89492867.json,f6159e9e18b37f8c5797043ba58d636bc5f35a73eb7d274531466b83c3734f23,ee570c715a0df06f400a3815f8b508637698ad2fa314679ce6539656d9a9cfcf,8d250ed43457e16bf066f55ee1850510402ae8c4d4a6deb6157b105ce528248d,2026-09-18T05:54:33.142043+00:00,175,15,29,204,20,100,100,0,175,0,100.0,27,1109.375,1462.25,2808.733333333333,9310.0,15,0,363.93333333333334,347.23333333333335,648.35,443.93333333333334,728.35,6321.891000000051,2.3794000001089444,6666.534100000035,281.13671875,10187.5,20,14,54,0,1,373.95,15.716666666666667,2.6.0,,,327540,True
timefold,new_emergency,POLICY_MIN_STAFF,5.0,1,FEASIBLE,results\raw\policy-timefold-new_emergency-POLICY_MIN_STAFF-5s-1-555bddde895c35ca.json,f6159e9e18b37f8c5797043ba58d636bc5f35a73eb7d274531466b83c3734f23,ee570c715a0df06f400a3815f8b508637698ad2fa314679ce6539656d9a9cfcf,8d250ed43457e16bf066f55ee1850510402ae8c4d4a6deb6157b105ce528248d,2026-09-18T05:54:39.963906+00:00,175,15,29,204,19,100,100,0,175,0,100.0,26,1111.099,1466.0333333333333,2314.95,9310.0,15,0,363.93333333333334,347.23333333333335,648.35,443.93333333333334,728.35,6304.257000000007,2.6866999999128893,6687.3243,294.01953125,10484.375,19,18,57,0,0,373.95,15.716666666666667,2.6.0,,,327540,True
timefold,new_emergency,PRIMARY,5.0,1,FEASIBLE,results\raw\policy-timefold-new_emergency-PRIMARY-5s-1-a947dce089a3fc49.json,f6159e9e18b37f8c5797043ba58d636bc5f35a73eb7d274531466b83c3734f23,ee570c715a0df06f400a3815f8b508637698ad2fa314679ce6539656d9a9cfcf,8d250ed43457e16bf066f55ee1850510402ae8c4d4a6deb6157b105ce528248d,2026-09-18T05:54:26.206438+00:00,175,15,29,204,0,100,100,0,175,0,100.0,26,875.078,1230.95,2467.016666666667,9310.0,15,0,402.5022222222222,444.1,686.4333333333333,482.5022222222222,766.4333333333333,6429.202700000133,1.926099999991493,6773.928099999921,291.68359375,10109.375,0,0,7,0,0,41.06666666666667,15.716666666666667,2.6.0,,,362252,True
timefold,worker_unavailability,POLICY_FAST_RESPONSE,5.0,1,FEASIBLE,results\raw\policy-timefold-worker_unavailability-POLICY_FAST_RESPONSE-5s-1-021a6d1bb85b72f6.json,f6159e9e18b37f8c5797043ba58d636bc5f35a73eb7d274531466b83c3734f23,ee570c715a0df06f400a3815f8b508637698ad2fa314679ce6539656d9a9cfcf,8d250ed43457e16bf066f55ee1850510402ae8c4d4a6deb6157b105ce528248d,2026-09-18T05:56:31.743636+00:00,174,14,29,202,71,100,0,0,173,1,99.42528735632185,35,1293.848,1721.4833333333333,4795.4,9200.0,14,0,400.1654761904762,393.9916666666667,681.15,480.16547619047617,761.15,6722.440099999858,3.4976000001734064,7112.1508999999605,279.98828125,10156.25,71,15,111,1,9,373.95,,2.6.0,,,336139,True
timefold,worker_unavailability,POLICY_MIN_STAFF,5.0,1,FEASIBLE,results\raw\policy-timefold-worker_unavailability-POLICY_MIN_STAFF-5s-1-4f55dce78d13761b.json,f6159e9e18b37f8c5797043ba58d636bc5f35a73eb7d274531466b83c3734f23,ee570c715a0df06f400a3815f8b508637698ad2fa314679ce6539656d9a9cfcf,8d250ed43457e16bf066f55ee1850510402ae8c4d4a6deb6157b105ce528248d,2026-09-18T05:56:38.989474+00:00,174,14,29,202,72,100,0,0,173,1,99.42528735632185,29,1332.819,1748.8,3406.9,9200.0,14,0,384.43095238095236,379.9666666666667,677.05,464.43095238095236,757.05,6577.978499999972,3.2360000000153377,6979.752799999915,285.45703125,10750.0,72,22,124,1,3,441.2,,2.6.0,,,322922,True
timefold,worker_unavailability,PRIMARY,5.0,1,FEASIBLE,results\raw\policy-timefold-worker_unavailability-PRIMARY-5s-1-79e468559a07aa2b.json,f6159e9e18b37f8c5797043ba58d636bc5f35a73eb7d274531466b83c3734f23,ee570c715a0df06f400a3815f8b508637698ad2fa314679ce6539656d9a9cfcf,8d250ed43457e16bf066f55ee1850510402ae8c4d4a6deb6157b105ce528248d,2026-09-18T05:56:24.048888+00:00,174,14,29,202,10,100,0,0,173,1,99.42528735632185,29,889.675,1249.45,3070.35,9200.0,14,0,428.5654761904762,463.95000000000005,686.4333333333333,508.5654761904762,766.4333333333333,7137.7950000000965,2.4587000000337866,7702.868599999874,285.703125,10562.5,10,2,14,1,3,79.03333333333333,,2.6.0,,,359995,True
