solver,name,family,dataStatus,primaryAdapterStatus,emergencyAdapterStatus,dynamicAdapterStatus
ortools_routing,OR-Tools Routing,specialized_routing,READY,SMALL_TESTS_PASSED,IMPLEMENTED,IMPLEMENTED
vroom,VROOM,specialized_routing,READY,SMALL_TESTS_PASSED,NOT_IMPLEMENTED,NOT_IMPLEMENTED
jsprit,jsprit,specialized_routing,READY,SMALL_TESTS_PASSED,NOT_IMPLEMENTED,NOT_IMPLEMENTED
pyvrp,PyVRP,specialized_routing,READY,SMALL_TESTS_PASSED,NOT_IMPLEMENTED,NOT_IMPLEMENTED
timefold,Timefold Solver Community,constraint_planning,READY,SMALL_TESTS_PASSED,IMPLEMENTED,IMPLEMENTED
cpsat,OR-Tools CP-SAT,constraint_planning,READY,SMALL_TESTS_PASSED,NOT_IMPLEMENTED,NOT_IMPLEMENTED
choco,Choco Solver,constraint_planning,READY,SMALL_TESTS_PASSED,NOT_IMPLEMENTED,NOT_IMPLEMENTED
alns,ALNS,metaheuristic,READY,SMALL_TESTS_PASSED,IMPLEMENTED,IMPLEMENTED
scip,SCIP,mip_cip,READY,SMALL_TESTS_PASSED,NOT_IMPLEMENTED,NOT_IMPLEMENTED
cbc,CBC,mip_cip,READY,SMALL_TESTS_PASSED,NOT_IMPLEMENTED,NOT_IMPLEMENTED
