solver,scope,policy,timeLimitSec,seed,status,rawFile,datasetVersion,matrixVersion,adapterVersion,timestamp,jobsTotal,emergencyTotal,eligibleForComparison,validPlanReturnedPercent,fullCoverageReturnedPercent,hardViolations,served,unassigned,servedPercent,workersUsed,distanceKm,travelMinutes,waitingMinutes,serviceMinutes,emergencyServed,emergencyUnassigned,meanResponseDelay,medianResponseDelay,maxResponseDelay,meanCompletionDelay,maxCompletionDelay,solverWallTimeMs,validationTimeMs,processWallTimeMs,peakMemoryMb,cpuTimeSampledMs,solverVersion,bestBound,optimalityGap,sampleCount,samplingIntervalMs,memoryGuardMiB,terminationReason,errorType,errorMessage
alns,1000,PRIMARY,15.0,1,FEASIBLE,results\raw\scale-alns-1000-15s-1-15739e0170e1f9d4.json,aa246041d2cf5731051cd72aa3871b9266f6d2c0ba01a4285558aed35e15236e,ee570c715a0df06f400a3815f8b508637698ad2fa314679ce6539656d9a9cfcf,4f21d11498707bfda3aff3bccca6551135050a7866c243e1fd8326d83480665f,2026-09-18T09:07:18.673163+00:00,1000,70,True,100,100,0,1000,0,100.0,121,6213.899,7123.683333333333,17042.7,53160.0,70,0,386.67357142857145,426.79999999999995,697.3,466.67357142857145,777.3,15018.451699999787,7.5007000004916335,17701.248100000157,137.54296875,16500.0,7.0.0,,,274,50,6144,,,
alns,500,PRIMARY,15.0,1,FEASIBLE,results\raw\scale-alns-500-15s-1-7084ec90a3367756.json,22686b39cbc2c929a2cbbd6de70d1aa4ca2ba950312fed417f809774a83daf79,ee570c715a0df06f400a3815f8b508637698ad2fa314679ce6539656d9a9cfcf,4f21d11498707bfda3aff3bccca6551135050a7866c243e1fd8326d83480665f,2026-09-18T08:59:40.297427+00:00,500,34,True,100,100,0,500,0,100.0,57,2882.125,3543.0333333333333,7104.883333333333,27080.0,34,0,415.7274509803922,480.1,681.2333333333333,495.7274509803922,761.2333333333333,15021.069600000374,5.051100000855513,17234.088399999564,131.72265625,16343.75,7.0.0,,,256,50,6144,,,
cbc,1000,PRIMARY,15.0,1,RESOURCE_LIMIT,results\raw\scale-cbc-1000-15s-1-b19358077c5f97eb.json,aa246041d2cf5731051cd72aa3871b9266f6d2c0ba01a4285558aed35e15236e,ee570c715a0df06f400a3815f8b508637698ad2fa314679ce6539656d9a9cfcf,480ca8e6dea8a06bedc97f0e9c653e32fe9392fa6d0726b82f639f29a9381c6d,2026-09-18T09:11:06.643218+00:00,1000,,,0,0,,,,,,,,,,,,,,,,,,,105066.39280000035,2925.98046875,101500.0,,,,1608,50,6144,PROCESS_WALL_WATCHDOG,,
cbc,500,PRIMARY,15.0,1,RESOURCE_LIMIT,results\raw\scale-cbc-500-15s-1-d5252a5d34d3e445.json,22686b39cbc2c929a2cbbd6de70d1aa4ca2ba950312fed417f809774a83daf79,ee570c715a0df06f400a3815f8b508637698ad2fa314679ce6539656d9a9cfcf,480ca8e6dea8a06bedc97f0e9c653e32fe9392fa6d0726b82f639f29a9381c6d,2026-09-18T09:02:40.435412+00:00,500,,,0,0,,,,,,,,,,,,,,,,,,,105039.60029999961,2975.08984375,95250.0,,,,1501,50,6144,PROCESS_WALL_WATCHDOG,,
choco,1000,PRIMARY,15.0,1,RUNTIME_ERROR,results\raw\scale-choco-1000-15s-1-89eb5f242b4d8450.json,aa246041d2cf5731051cd72aa3871b9266f6d2c0ba01a4285558aed35e15236e,ee570c715a0df06f400a3815f8b508637698ad2fa314679ce6539656d9a9cfcf,2528b8ff370cda70eb9a5b24cece6aa37fbc9ff45556ab9ba7499e260a1d0d5e,2026-09-18T09:06:43.101306+00:00,1000,,,0,0,,,,,,,,,,,,,,,,,,,35331.58809999986,2283.79296875,202468.75,6.0.1,,,189,50,6144,,RuntimeError,choco exit 1; native log: C:\Users\vadim\Documents\MMI - проект\algorithm-research\benchmark\.cache\choco\1789722403212344300\native.log
choco,500,PRIMARY,15.0,1,NO_SOLUTION_FOUND,results\raw\scale-choco-500-15s-1-f0e71376767a1cf6.json,22686b39cbc2c929a2cbbd6de70d1aa4ca2ba950312fed417f809774a83daf79,ee570c715a0df06f400a3815f8b508637698ad2fa314679ce6539656d9a9cfcf,2528b8ff370cda70eb9a5b24cece6aa37fbc9ff45556ab9ba7499e260a1d0d5e,2026-09-18T08:59:11.923926+00:00,500,,,0,0,,,,,,,,,,,,,,,,,27699.314700000286,,28254.157100000157,1949.24609375,59609.375,6.0.1,,,347,50,6144,,,
cpsat,1000,PRIMARY,15.0,1,RESOURCE_LIMIT,results\raw\scale-cpsat-1000-15s-1-23e9ec119384db29.json,aa246041d2cf5731051cd72aa3871b9266f6d2c0ba01a4285558aed35e15236e,ee570c715a0df06f400a3815f8b508637698ad2fa314679ce6539656d9a9cfcf,338af6f0b9d19bee2a7cd30bf3c8528418799d67d0c9f4d8fc16d88fcef1c95d,2026-09-18T09:06:42.215005+00:00,1000,,,0,0,,,,,,,,,,,,,,,,,,,105013.65559999977,2173.99609375,98921.875,,,,1589,50,6144,PROCESS_WALL_WATCHDOG,,
cpsat,500,PRIMARY,15.0,1,NO_SOLUTION_FOUND,results\raw\scale-cpsat-500-15s-1-45c3af5a15d76c37.json,22686b39cbc2c929a2cbbd6de70d1aa4ca2ba950312fed417f809774a83daf79,ee570c715a0df06f400a3815f8b508637698ad2fa314679ce6539656d9a9cfcf,338af6f0b9d19bee2a7cd30bf3c8528418799d67d0c9f4d8fc16d88fcef1c95d,2026-09-18T08:58:05.910292+00:00,500,,,0,0,,,,,,,,,,,,,,,,,63277.352000000064,,65742.98480000015,1094.765625,58984.375,9.15.6755,0.0,,920,50,6144,,,
jsprit,1000,PRIMARY,15.0,1,RUNTIME_ERROR,results\raw\scale-jsprit-1000-15s-1-41ea78a1e9e454d9.json,aa246041d2cf5731051cd72aa3871b9266f6d2c0ba01a4285558aed35e15236e,ee570c715a0df06f400a3815f8b508637698ad2fa314679ce6539656d9a9cfcf,9f2010bdea168a6f471c5756258d704a5ff5d61443fff284e5c53fccdd2bb5ae,2026-09-18T09:03:03.744539+00:00,1000,,,0,0,,,,,,,,,,,,,,,,,,,75759.97389999975,323.84375,79031.25,2.0.0,,,1079,50,6144,,TimeoutExpired,"Command '['C:\\Users\\vadim\\Documents\\MMI - проект\\algorithm-research\\benchmark\\runtime\\jdk-21.0.12.1+1\\bin\\java.exe', '-Xmx2g', '-Dorg.slf4j.simpleLogger.defaultLogLevel=warn', '-cp', 'C:\\Users\\vadim\\Documents\\MMI - проект\\algorithm-research\\benchmark\\runtime\\java-build\\classes;C:\\Users\\vadim\\Documents\\MMI - проект\\algorithm-research\\benchmark\\.cache\\maven\\com\\graphhopper\\jsprit-core\\2.0.0\\jsprit-core-2.0.0.jar;C:\\Users\\vadim\\Documents\\MMI - проект\\algorithm-research\\benchmark\\.cache\\maven\\net\\sf\\trove4j\\trove4j\\3.0.3\\trove4j-3.0.3.jar;C:\\Users\\vadim\\Documents\\MMI - проект\\algorithm-research\\benchmark\\.cache\\maven\\org\\apache\\commons\\commons-math3\\3.6.1\\commons-math3-3.6.1.jar;C:\\Users\\vadim\\Documents\\MMI - проект\\algorithm-research\\benchmark\\.cache\\maven\\ai\\timefold\\solver\\timefold-solver-core\\2.6.0\\timefold-solver-core-2.6.0.jar;C:\\Users\\vadim\\Documents\\MMI - проект\\algorithm-research\\benchmark\\.cache\\maven\\io\\quarkus\\gizmo\\gizmo2\\2.1.1\\gizmo2-2.1.1.jar;C:\\Users\\vadim\\Documents\\MMI - проект\\algorithm-research\\benchmark\\.cache\\maven\\io\\smallrye\\classfile\\jdk-classfile-backport\\26\\jdk-classfile-backport-26.jar;C:\\Users\\vadim\\Documents\\MMI - проект\\algorithm-research\\benchmark\\.cache\\maven\\io\\smallrye\\common\\smallrye-common-constraint\\2.16.0\\smallrye-common-constraint-2.16.0.jar;C:\\Users\\vadim\\Documents\\MMI - проект\\algorithm-research\\benchmark\\.cache\\maven\\org\\jboss\\logging\\jboss-logging\\3.6.0.Final\\jboss-logging-3.6.0.Final.jar;C:\\Users\\vadim\\Documents\\MMI - проект\\algorithm-research\\benchmark\\.cache\\maven\\io\\smallrye\\common\\smallrye-common-resource\\2.16.0\\smallrye-common-resource-2.16.0.jar;C:\\Users\\vadim\\Documents\\MMI - проект\\algorithm-research\\benchmark\\.cache\\maven\\io\\micrometer\\micrometer-core\\1.17.0\\micrometer-core-1.17.0.jar;C:\\Users\\vadim\\Documents\\MMI - проект\\algorithm-research\\benchmark\\.cache\\maven\\io\\micrometer\\micrometer-commons\\1.17.0\\micrometer-commons-1.17.0.jar;C:\\Users\\vadim\\Documents\\MMI - проект\\algorithm-research\\benchmark\\.cache\\maven\\io\\micrometer\\micrometer-observation\\1.17.0\\micrometer-observation-1.17.0.jar;C:\\Users\\vadim\\Documents\\MMI - проект\\algorithm-research\\benchmark\\.cache\\maven\\org\\hdrhistogram\\HdrHistogram\\2.2.2\\HdrHistogram-2.2.2.jar;C:\\Users\\vadim\\Documents\\MMI - проект\\algorithm-research\\benchmark\\.cache\\maven\\jakarta\\xml\\bind\\jakarta.xml.bind-api\\4.0.5\\jakarta.xml.bind-api-4.0.5.jar;C:\\Users\\vadim\\Documents\\MMI - проект\\algorithm-research\\benchmark\\.cache\\maven\\jakarta\\activation\\jakarta.activation-api\\2.1.4\\jakarta.activation-api-2.1.4.jar;C:\\Users\\vadim\\Documents\\MMI - проект\\algorithm-research\\benchmark\\.cache\\maven\\org\\glassfish\\jaxb\\jaxb-runtime\\4.0.9\\jaxb-runtime-4.0.9.jar;C:\\Users\\vadim\\Documents\\MMI - проект\\algorithm-research\\benchmark\\.cache\\maven\\org\\glassfish\\jaxb\\jaxb-core\\4.0.9\\jaxb-core-4.0.9.jar;C:\\Users\\vadim\\Documents\\MMI - проект\\algorithm-research\\benchmark\\.cache\\maven\\org\\eclipse\\angus\\angus-activation\\2.0.3\\angus-activation-2.0.3.jar;C:\\Users\\vadim\\Documents\\MMI - проект\\algorithm-research\\benchmark\\.cache\\maven\\org\\glassfish\\jaxb\\txw2\\4.0.9\\txw2-4.0.9.jar;C:\\Users\\vadim\\Documents\\MMI - проект\\algorithm-research\\benchmark\\.cache\\maven\\com\\sun\\istack\\istack-commons-runtime\\4.1.2\\istack-commons-runtime-4.1.2.jar;C:\\Users\\vadim\\Documents\\MMI - проект\\algorithm-research\\benchmark\\.cache\\maven\\org\\jspecify\\jspecify\\1.0.1\\jspecify-1.0.1.jar;C:\\Users\\vadim\\Documents\\MMI - проект\\algorithm-research\\benchmark\\.cache\\maven\\org\\choco-solver\\choco-solver\\6.0.1\\choco-solver-6.0.1.jar;C:\\Users\\vadim\\Documents\\MMI - проект\\algorithm-research\\benchmark\\.cache\\maven\\dk\\brics\\automaton\\automaton\\1.11-8\\automaton-1.11-8.jar;C:\\Users\\vadim\\Documents\\MMI - проект\\algorithm-research\\benchmark\\.cache\\maven\\org\\jgrapht\\jgrapht-core\\1.5.3\\jgrapht-core-1.5.3.jar;C:\\Users\\vadim\\Documents\\MMI - проект\\algorithm-research\\benchmark\\.cache\\maven\\org\\jheaps\\jheaps\\0.14\\jheaps-0.14.jar;C:\\Users\\vadim\\Documents\\MMI - проект\\algorithm-research\\benchmark\\.cache\\maven\\org\\apfloat\\apfloat\\1.14.0\\apfloat-1.14.0.jar;C:\\Users\\vadim\\Documents\\MMI - проект\\algorithm-research\\benchmark\\.cache\\maven\\org\\ehcache\\sizeof\\0.4.4\\sizeof-0.4.4.jar;C:\\Users\\vadim\\Documents\\MMI - проект\\algorithm-research\\benchmark\\.cache\\maven\\args4j\\args4j\\2.37\\args4j-2.37.jar;C:\\Users\\vadim\\Documents\\MMI - проект\\algorithm-research\\benchmark\\.cache\\maven\\com\\google\\code\\gson\\gson\\2.13.2\\gson-2.13.2.jar;C:\\Users\\vadim\\Documents\\MMI - проект\\algorithm-research\\benchmark\\.cache\\maven\\com\\google\\errorprone\\error_prone_annotations\\2.41.0\\error_prone_annotations-2.41.0.jar;C:\\Users\\vadim\\Documents\\MMI - проект\\algorithm-research\\benchmark\\.cache\\maven\\org\\slf4j\\slf4j-simple\\2.0.17\\slf4j-simple-2.0.17.jar;C:\\Users\\vadim\\Documents\\MMI - проект\\algorithm-research\\benchmark\\.cache\\maven\\org\\slf4j\\slf4j-api\\2.0.17\\slf4j-api-2.0.17.jar', 'research.Bridge', 'jsprit', 'C:\\Users\\vadim\\Documents\\MMI - проект\\algorithm-research\\benchmark\\.cache\\jsprit\\1789722183839924300\\input.json', 'C:\\Users\\vadim\\Documents\\MMI - проект\\algorithm-research\\benchmark\\.cache\\jsprit\\1789722183839924300\\output.json', '15.0', '1']' timed out after 75.0 seconds"
jsprit,500,PRIMARY,15.0,1,RUNTIME_ERROR,results\raw\scale-jsprit-500-15s-1-7f09cb464a13b44c.json,22686b39cbc2c929a2cbbd6de70d1aa4ca2ba950312fed417f809774a83daf79,ee570c715a0df06f400a3815f8b508637698ad2fa314679ce6539656d9a9cfcf,9f2010bdea168a6f471c5756258d704a5ff5d61443fff284e5c53fccdd2bb5ae,2026-09-18T08:56:13.239047+00:00,500,,,0,0,,,,,,,,,,,,,,,,,,,75823.72699999996,287.4609375,73250.0,2.0.0,,,997,50,6144,,TimeoutExpired,"Command '['C:\\Users\\vadim\\Documents\\MMI - проект\\algorithm-research\\benchmark\\runtime\\jdk-21.0.12.1+1\\bin\\java.exe', '-Xmx2g', '-Dorg.slf4j.simpleLogger.defaultLogLevel=warn', '-cp', 'C:\\Users\\vadim\\Documents\\MMI - проект\\algorithm-research\\benchmark\\runtime\\java-build\\classes;C:\\Users\\vadim\\Documents\\MMI - проект\\algorithm-research\\benchmark\\.cache\\maven\\com\\graphhopper\\jsprit-core\\2.0.0\\jsprit-core-2.0.0.jar;C:\\Users\\vadim\\Documents\\MMI - проект\\algorithm-research\\benchmark\\.cache\\maven\\net\\sf\\trove4j\\trove4j\\3.0.3\\trove4j-3.0.3.jar;C:\\Users\\vadim\\Documents\\MMI - проект\\algorithm-research\\benchmark\\.cache\\maven\\org\\apache\\commons\\commons-math3\\3.6.1\\commons-math3-3.6.1.jar;C:\\Users\\vadim\\Documents\\MMI - проект\\algorithm-research\\benchmark\\.cache\\maven\\ai\\timefold\\solver\\timefold-solver-core\\2.6.0\\timefold-solver-core-2.6.0.jar;C:\\Users\\vadim\\Documents\\MMI - проект\\algorithm-research\\benchmark\\.cache\\maven\\io\\quarkus\\gizmo\\gizmo2\\2.1.1\\gizmo2-2.1.1.jar;C:\\Users\\vadim\\Documents\\MMI - проект\\algorithm-research\\benchmark\\.cache\\maven\\io\\smallrye\\classfile\\jdk-classfile-backport\\26\\jdk-classfile-backport-26.jar;C:\\Users\\vadim\\Documents\\MMI - проект\\algorithm-research\\benchmark\\.cache\\maven\\io\\smallrye\\common\\smallrye-common-constraint\\2.16.0\\smallrye-common-constraint-2.16.0.jar;C:\\Users\\vadim\\Documents\\MMI - проект\\algorithm-research\\benchmark\\.cache\\maven\\org\\jboss\\logging\\jboss-logging\\3.6.0.Final\\jboss-logging-3.6.0.Final.jar;C:\\Users\\vadim\\Documents\\MMI - проект\\algorithm-research\\benchmark\\.cache\\maven\\io\\smallrye\\common\\smallrye-common-resource\\2.16.0\\smallrye-common-resource-2.16.0.jar;C:\\Users\\vadim\\Documents\\MMI - проект\\algorithm-research\\benchmark\\.cache\\maven\\io\\micrometer\\micrometer-core\\1.17.0\\micrometer-core-1.17.0.jar;C:\\Users\\vadim\\Documents\\MMI - проект\\algorithm-research\\benchmark\\.cache\\maven\\io\\micrometer\\micrometer-commons\\1.17.0\\micrometer-commons-1.17.0.jar;C:\\Users\\vadim\\Documents\\MMI - проект\\algorithm-research\\benchmark\\.cache\\maven\\io\\micrometer\\micrometer-observation\\1.17.0\\micrometer-observation-1.17.0.jar;C:\\Users\\vadim\\Documents\\MMI - проект\\algorithm-research\\benchmark\\.cache\\maven\\org\\hdrhistogram\\HdrHistogram\\2.2.2\\HdrHistogram-2.2.2.jar;C:\\Users\\vadim\\Documents\\MMI - проект\\algorithm-research\\benchmark\\.cache\\maven\\jakarta\\xml\\bind\\jakarta.xml.bind-api\\4.0.5\\jakarta.xml.bind-api-4.0.5.jar;C:\\Users\\vadim\\Documents\\MMI - проект\\algorithm-research\\benchmark\\.cache\\maven\\jakarta\\activation\\jakarta.activation-api\\2.1.4\\jakarta.activation-api-2.1.4.jar;C:\\Users\\vadim\\Documents\\MMI - проект\\algorithm-research\\benchmark\\.cache\\maven\\org\\glassfish\\jaxb\\jaxb-runtime\\4.0.9\\jaxb-runtime-4.0.9.jar;C:\\Users\\vadim\\Documents\\MMI - проект\\algorithm-research\\benchmark\\.cache\\maven\\org\\glassfish\\jaxb\\jaxb-core\\4.0.9\\jaxb-core-4.0.9.jar;C:\\Users\\vadim\\Documents\\MMI - проект\\algorithm-research\\benchmark\\.cache\\maven\\org\\eclipse\\angus\\angus-activation\\2.0.3\\angus-activation-2.0.3.jar;C:\\Users\\vadim\\Documents\\MMI - проект\\algorithm-research\\benchmark\\.cache\\maven\\org\\glassfish\\jaxb\\txw2\\4.0.9\\txw2-4.0.9.jar;C:\\Users\\vadim\\Documents\\MMI - проект\\algorithm-research\\benchmark\\.cache\\maven\\com\\sun\\istack\\istack-commons-runtime\\4.1.2\\istack-commons-runtime-4.1.2.jar;C:\\Users\\vadim\\Documents\\MMI - проект\\algorithm-research\\benchmark\\.cache\\maven\\org\\jspecify\\jspecify\\1.0.1\\jspecify-1.0.1.jar;C:\\Users\\vadim\\Documents\\MMI - проект\\algorithm-research\\benchmark\\.cache\\maven\\org\\choco-solver\\choco-solver\\6.0.1\\choco-solver-6.0.1.jar;C:\\Users\\vadim\\Documents\\MMI - проект\\algorithm-research\\benchmark\\.cache\\maven\\dk\\brics\\automaton\\automaton\\1.11-8\\automaton-1.11-8.jar;C:\\Users\\vadim\\Documents\\MMI - проект\\algorithm-research\\benchmark\\.cache\\maven\\org\\jgrapht\\jgrapht-core\\1.5.3\\jgrapht-core-1.5.3.jar;C:\\Users\\vadim\\Documents\\MMI - проект\\algorithm-research\\benchmark\\.cache\\maven\\org\\jheaps\\jheaps\\0.14\\jheaps-0.14.jar;C:\\Users\\vadim\\Documents\\MMI - проект\\algorithm-research\\benchmark\\.cache\\maven\\org\\apfloat\\apfloat\\1.14.0\\apfloat-1.14.0.jar;C:\\Users\\vadim\\Documents\\MMI - проект\\algorithm-research\\benchmark\\.cache\\maven\\org\\ehcache\\sizeof\\0.4.4\\sizeof-0.4.4.jar;C:\\Users\\vadim\\Documents\\MMI - проект\\algorithm-research\\benchmark\\.cache\\maven\\args4j\\args4j\\2.37\\args4j-2.37.jar;C:\\Users\\vadim\\Documents\\MMI - проект\\algorithm-research\\benchmark\\.cache\\maven\\com\\google\\code\\gson\\gson\\2.13.2\\gson-2.13.2.jar;C:\\Users\\vadim\\Documents\\MMI - проект\\algorithm-research\\benchmark\\.cache\\maven\\com\\google\\errorprone\\error_prone_annotations\\2.41.0\\error_prone_annotations-2.41.0.jar;C:\\Users\\vadim\\Documents\\MMI - проект\\algorithm-research\\benchmark\\.cache\\maven\\org\\slf4j\\slf4j-simple\\2.0.17\\slf4j-simple-2.0.17.jar;C:\\Users\\vadim\\Documents\\MMI - проект\\algorithm-research\\benchmark\\.cache\\maven\\org\\slf4j\\slf4j-api\\2.0.17\\slf4j-api-2.0.17.jar', 'research.Bridge', 'jsprit', 'C:\\Users\\vadim\\Documents\\MMI - проект\\algorithm-research\\benchmark\\.cache\\jsprit\\1789721773354405400\\input.json', 'C:\\Users\\vadim\\Documents\\MMI - проект\\algorithm-research\\benchmark\\.cache\\jsprit\\1789721773354405400\\output.json', '15.0', '1']' timed out after 75.0 seconds"
ortools_routing,1000,PRIMARY,15.0,1,FEASIBLE,results\raw\scale-ortools_routing-1000-15s-1-aae3766301d63232.json,aa246041d2cf5731051cd72aa3871b9266f6d2c0ba01a4285558aed35e15236e,ee570c715a0df06f400a3815f8b508637698ad2fa314679ce6539656d9a9cfcf,4cca666a01510ed955a46960414e8f1e05064b9980ce0d11125a3118fa760f75,2026-09-18T09:02:41.274846+00:00,1000,70,True,100,100,0,1000,0,100.0,120,5431.676,6251.183333333333,15111.033333333333,53160.0,70,0,355.7004761904762,367.98333333333335,697.9333333333333,435.7004761904762,777.9333333333333,18868.81959999937,9.856100000433798,20007.351899999776,99.23828125,18109.375,9.15.6755,,,288,50,6144,,,
ortools_routing,500,PRIMARY,15.0,1,FEASIBLE,results\raw\scale-ortools_routing-500-15s-1-2b81ccf584b6cfe6.json,22686b39cbc2c929a2cbbd6de70d1aa4ca2ba950312fed417f809774a83daf79,ee570c715a0df06f400a3815f8b508637698ad2fa314679ce6539656d9a9cfcf,4cca666a01510ed955a46960414e8f1e05064b9980ce0d11125a3118fa760f75,2026-09-18T08:55:54.072104+00:00,500,34,True,100,100,0,500,0,100.0,61,2461.407,2879.233333333333,9092.766666666666,27080.0,34,0,417.3622549019608,456.4916666666667,694.4,497.3622549019608,774.4,15870.28090000058,7.123600000340957,16674.830299999485,77.08203125,15656.25,9.15.6755,,,243,50,6144,,,
pyvrp,1000,PRIMARY,15.0,1,NO_SOLUTION_FOUND,results\raw\scale-pyvrp-1000-15s-1-a0b52720f681304f.json,aa246041d2cf5731051cd72aa3871b9266f6d2c0ba01a4285558aed35e15236e,ee570c715a0df06f400a3815f8b508637698ad2fa314679ce6539656d9a9cfcf,5202e910a4c9edb60825fd06043ce736b9d8ef99bab5c4e73d74042c6ccbb9ab,2026-09-18T09:04:19.518849+00:00,1000,,,0,0,,,,,,,,,,,,,,,,,19124.976699999934,,19984.488600000077,209.81640625,16921.875,0.14.0,,,279,50,6144,,,
pyvrp,500,PRIMARY,15.0,1,FEASIBLE,results\raw\scale-pyvrp-500-15s-1-c69fd52f6e8c6439.json,22686b39cbc2c929a2cbbd6de70d1aa4ca2ba950312fed417f809774a83daf79,ee570c715a0df06f400a3815f8b508637698ad2fa314679ce6539656d9a9cfcf,5202e910a4c9edb60825fd06043ce736b9d8ef99bab5c4e73d74042c6ccbb9ab,2026-09-18T08:57:29.573930+00:00,500,34,True,100,100,0,500,0,100.0,64,1666.626,2154.866666666667,4891.4,27080.0,34,0,412.075,456.7166666666667,699.3833333333333,492.075,779.3833333333333,16464.484099999936,11.164600000483915,18156.71040000052,138.0859375,16406.25,0.14.0,,,260,50,6144,,,
scip,1000,PRIMARY,15.0,1,RESOURCE_LIMIT,results\raw\scale-scip-1000-15s-1-0aa16c806bd8108f.json,aa246041d2cf5731051cd72aa3871b9266f6d2c0ba01a4285558aed35e15236e,ee570c715a0df06f400a3815f8b508637698ad2fa314679ce6539656d9a9cfcf,3f78321ca01a84846439931507cec34f341821bd1ccf2d71e430c1187229fd8d,2026-09-18T09:09:21.206544+00:00,1000,,,0,0,,,,,,,,,,,,,,,,,,,105049.49889999989,5979.1484375,102203.125,,,,1616,50,6144,PROCESS_WALL_WATCHDOG,,
scip,500,PRIMARY,15.0,1,FEASIBLE,results\raw\scale-scip-500-15s-1-bddbde86f6b89070.json,22686b39cbc2c929a2cbbd6de70d1aa4ca2ba950312fed417f809774a83daf79,ee570c715a0df06f400a3815f8b508637698ad2fa314679ce6539656d9a9cfcf,3f78321ca01a84846439931507cec34f341821bd1ccf2d71e430c1187229fd8d,2026-09-18T08:59:57.690220+00:00,500,34,True,100,0,0,0,500,0.0,0,0.0,0.0,0.0,0.0,0,34,,,,,,46504.86079999973,0.691000000188069,57836.06409999993,4190.19921875,53765.625,10.0.2,-1e+20,,847,50,6144,,,
timefold,1000,PRIMARY,15.0,1,FEASIBLE,results\raw\scale-timefold-1000-15s-1-20175ebd3b38434e.json,aa246041d2cf5731051cd72aa3871b9266f6d2c0ba01a4285558aed35e15236e,ee570c715a0df06f400a3815f8b508637698ad2fa314679ce6539656d9a9cfcf,0af1862a10bec66d3cf0fc94d3a66a3c74022c8b040347638c078e0acd6e4cfd,2026-09-18T09:04:39.749169+00:00,1000,70,True,100,0,0,288,712,28.8,36,989.338,1572.4,6338.45,15170.0,14,56,320.50714285714287,328.94166666666666,680.7833333333333,400.50714285714287,760.7833333333333,16888.56290000058,4.585699999552162,17428.447100000085,212.48046875,21093.75,2.6.0,,,263,50,6144,,,
timefold,500,PRIMARY,15.0,1,FEASIBLE,results\raw\scale-timefold-500-15s-1-a6b8ab50e7639cab.json,22686b39cbc2c929a2cbbd6de70d1aa4ca2ba950312fed417f809774a83daf79,ee570c715a0df06f400a3815f8b508637698ad2fa314679ce6539656d9a9cfcf,0af1862a10bec66d3cf0fc94d3a66a3c74022c8b040347638c078e0acd6e4cfd,2026-09-18T08:57:47.617067+00:00,500,34,True,100,0,0,298,202,59.6,35,1258.956,1970.6333333333334,6200.016666666666,16060.0,8,26,479.32708333333335,599.7666666666667,682.75,559.3270833333333,762.75,17602.377700000034,5.7884999996531405,18173.23789999955,206.18359375,22906.25,2.6.0,,,261,50,6144,,,
vroom,1000,PRIMARY,15.0,1,RUNTIME_ERROR,results\raw\scale-vroom-1000-15s-1-9af3029c2a825d11.json,aa246041d2cf5731051cd72aa3871b9266f6d2c0ba01a4285558aed35e15236e,ee570c715a0df06f400a3815f8b508637698ad2fa314679ce6539656d9a9cfcf,0a1de939bf9711b04d7c0c603464e994d96df4d7dd08a628d21cf6f6910f0420,2026-09-18T09:03:01.426097+00:00,1000,,,0,0,,,,,,,,,,,,,,,,,,,1827.7234000006501,87.2109375,1328.125,pyvroom-1.15.2,,,27,50,6144,,ValueError,VROOM user/scaled cost would overflow; cannot preserve objective safely
vroom,500,PRIMARY,15.0,1,RUNTIME_ERROR,results\raw\scale-vroom-500-15s-1-c11a8f25f79bfa9c.json,22686b39cbc2c929a2cbbd6de70d1aa4ca2ba950312fed417f809774a83daf79,ee570c715a0df06f400a3815f8b508637698ad2fa314679ce6539656d9a9cfcf,0a1de939bf9711b04d7c0c603464e994d96df4d7dd08a628d21cf6f6910f0420,2026-09-18T08:56:10.983835+00:00,500,,,0,0,,,,,,,,,,,,,,,,,,,1896.6520000003584,85.9453125,1593.75,pyvroom-1.15.2,,,27,50,6144,,ValueError,VROOM user/scaled cost would overflow; cannot preserve objective safely
