solver,scope,policy,timeLimitSec,metric,attempts,validPlans,n,minimum,median,maximum,mean,sampleStd
alns,1000,PRIMARY,15.0,validPlanReturnedPercent,1,1,1,100,100,100,100,
alns,1000,PRIMARY,15.0,fullCoverageReturnedPercent,1,1,1,100,100,100,100,
alns,1000,PRIMARY,15.0,hardViolations,1,1,1,0,0,0,0,
alns,1000,PRIMARY,15.0,served,1,1,1,1000,1000,1000,1000,
alns,1000,PRIMARY,15.0,unassigned,1,1,1,0,0,0,0,
alns,1000,PRIMARY,15.0,servedPercent,1,1,1,100.0,100.0,100.0,100.0,
alns,1000,PRIMARY,15.0,workersUsed,1,1,1,121,121,121,121,
alns,1000,PRIMARY,15.0,distanceKm,1,1,1,6213.899,6213.899,6213.899,6213.899,
alns,1000,PRIMARY,15.0,travelMinutes,1,1,1,7123.683333333333,7123.683333333333,7123.683333333333,7123.683333333333,
alns,1000,PRIMARY,15.0,waitingMinutes,1,1,1,17042.7,17042.7,17042.7,17042.7,
alns,1000,PRIMARY,15.0,serviceMinutes,1,1,1,53160.0,53160.0,53160.0,53160.0,
alns,1000,PRIMARY,15.0,emergencyServed,1,1,1,70,70,70,70,
alns,1000,PRIMARY,15.0,emergencyUnassigned,1,1,1,0,0,0,0,
alns,1000,PRIMARY,15.0,meanResponseDelay,1,1,1,386.67357142857145,386.67357142857145,386.67357142857145,386.67357142857145,
alns,1000,PRIMARY,15.0,medianResponseDelay,1,1,1,426.79999999999995,426.79999999999995,426.79999999999995,426.79999999999995,
alns,1000,PRIMARY,15.0,maxResponseDelay,1,1,1,697.3,697.3,697.3,697.3,
alns,1000,PRIMARY,15.0,meanCompletionDelay,1,1,1,466.67357142857145,466.67357142857145,466.67357142857145,466.67357142857145,
alns,1000,PRIMARY,15.0,maxCompletionDelay,1,1,1,777.3,777.3,777.3,777.3,
alns,1000,PRIMARY,15.0,solverWallTimeMs,1,1,1,15018.451699999787,15018.451699999787,15018.451699999787,15018.451699999787,
alns,1000,PRIMARY,15.0,validationTimeMs,1,1,1,7.5007000004916335,7.5007000004916335,7.5007000004916335,7.5007000004916335,
alns,1000,PRIMARY,15.0,processWallTimeMs,1,1,1,17701.248100000157,17701.248100000157,17701.248100000157,17701.248100000157,
alns,1000,PRIMARY,15.0,peakMemoryMb,1,1,1,137.54296875,137.54296875,137.54296875,137.54296875,
alns,1000,PRIMARY,15.0,cpuTimeSampledMs,1,1,1,16500.0,16500.0,16500.0,16500.0,
alns,500,PRIMARY,15.0,validPlanReturnedPercent,1,1,1,100,100,100,100,
alns,500,PRIMARY,15.0,fullCoverageReturnedPercent,1,1,1,100,100,100,100,
alns,500,PRIMARY,15.0,hardViolations,1,1,1,0,0,0,0,
alns,500,PRIMARY,15.0,served,1,1,1,500,500,500,500,
alns,500,PRIMARY,15.0,unassigned,1,1,1,0,0,0,0,
alns,500,PRIMARY,15.0,servedPercent,1,1,1,100.0,100.0,100.0,100.0,
alns,500,PRIMARY,15.0,workersUsed,1,1,1,57,57,57,57,
alns,500,PRIMARY,15.0,distanceKm,1,1,1,2882.125,2882.125,2882.125,2882.125,
alns,500,PRIMARY,15.0,travelMinutes,1,1,1,3543.0333333333333,3543.0333333333333,3543.0333333333333,3543.0333333333333,
alns,500,PRIMARY,15.0,waitingMinutes,1,1,1,7104.883333333333,7104.883333333333,7104.883333333333,7104.883333333333,
alns,500,PRIMARY,15.0,serviceMinutes,1,1,1,27080.0,27080.0,27080.0,27080.0,
alns,500,PRIMARY,15.0,emergencyServed,1,1,1,34,34,34,34,
alns,500,PRIMARY,15.0,emergencyUnassigned,1,1,1,0,0,0,0,
alns,500,PRIMARY,15.0,meanResponseDelay,1,1,1,415.7274509803922,415.7274509803922,415.7274509803922,415.7274509803922,
alns,500,PRIMARY,15.0,medianResponseDelay,1,1,1,480.1,480.1,480.1,480.1,
alns,500,PRIMARY,15.0,maxResponseDelay,1,1,1,681.2333333333333,681.2333333333333,681.2333333333333,681.2333333333333,
alns,500,PRIMARY,15.0,meanCompletionDelay,1,1,1,495.7274509803922,495.7274509803922,495.7274509803922,495.7274509803922,
alns,500,PRIMARY,15.0,maxCompletionDelay,1,1,1,761.2333333333333,761.2333333333333,761.2333333333333,761.2333333333333,
alns,500,PRIMARY,15.0,solverWallTimeMs,1,1,1,15021.069600000374,15021.069600000374,15021.069600000374,15021.069600000374,
alns,500,PRIMARY,15.0,validationTimeMs,1,1,1,5.051100000855513,5.051100000855513,5.051100000855513,5.051100000855513,
alns,500,PRIMARY,15.0,processWallTimeMs,1,1,1,17234.088399999564,17234.088399999564,17234.088399999564,17234.088399999564,
alns,500,PRIMARY,15.0,peakMemoryMb,1,1,1,131.72265625,131.72265625,131.72265625,131.72265625,
alns,500,PRIMARY,15.0,cpuTimeSampledMs,1,1,1,16343.75,16343.75,16343.75,16343.75,
cbc,1000,PRIMARY,15.0,validPlanReturnedPercent,1,0,1,0,0,0,0,
cbc,1000,PRIMARY,15.0,fullCoverageReturnedPercent,1,0,1,0,0,0,0,
cbc,1000,PRIMARY,15.0,processWallTimeMs,1,0,1,105066.39280000035,105066.39280000035,105066.39280000035,105066.39280000035,
cbc,1000,PRIMARY,15.0,peakMemoryMb,1,0,1,2925.98046875,2925.98046875,2925.98046875,2925.98046875,
cbc,1000,PRIMARY,15.0,cpuTimeSampledMs,1,0,1,101500.0,101500.0,101500.0,101500.0,
cbc,500,PRIMARY,15.0,validPlanReturnedPercent,1,0,1,0,0,0,0,
cbc,500,PRIMARY,15.0,fullCoverageReturnedPercent,1,0,1,0,0,0,0,
cbc,500,PRIMARY,15.0,processWallTimeMs,1,0,1,105039.60029999961,105039.60029999961,105039.60029999961,105039.60029999961,
cbc,500,PRIMARY,15.0,peakMemoryMb,1,0,1,2975.08984375,2975.08984375,2975.08984375,2975.08984375,
cbc,500,PRIMARY,15.0,cpuTimeSampledMs,1,0,1,95250.0,95250.0,95250.0,95250.0,
choco,1000,PRIMARY,15.0,validPlanReturnedPercent,1,0,1,0,0,0,0,
choco,1000,PRIMARY,15.0,fullCoverageReturnedPercent,1,0,1,0,0,0,0,
choco,1000,PRIMARY,15.0,processWallTimeMs,1,0,1,35331.58809999986,35331.58809999986,35331.58809999986,35331.58809999986,
choco,1000,PRIMARY,15.0,peakMemoryMb,1,0,1,2283.79296875,2283.79296875,2283.79296875,2283.79296875,
choco,1000,PRIMARY,15.0,cpuTimeSampledMs,1,0,1,202468.75,202468.75,202468.75,202468.75,
choco,500,PRIMARY,15.0,validPlanReturnedPercent,1,0,1,0,0,0,0,
choco,500,PRIMARY,15.0,fullCoverageReturnedPercent,1,0,1,0,0,0,0,
choco,500,PRIMARY,15.0,solverWallTimeMs,1,0,1,27699.314700000286,27699.314700000286,27699.314700000286,27699.314700000286,
choco,500,PRIMARY,15.0,processWallTimeMs,1,0,1,28254.157100000157,28254.157100000157,28254.157100000157,28254.157100000157,
choco,500,PRIMARY,15.0,peakMemoryMb,1,0,1,1949.24609375,1949.24609375,1949.24609375,1949.24609375,
choco,500,PRIMARY,15.0,cpuTimeSampledMs,1,0,1,59609.375,59609.375,59609.375,59609.375,
cpsat,1000,PRIMARY,15.0,validPlanReturnedPercent,1,0,1,0,0,0,0,
cpsat,1000,PRIMARY,15.0,fullCoverageReturnedPercent,1,0,1,0,0,0,0,
cpsat,1000,PRIMARY,15.0,processWallTimeMs,1,0,1,105013.65559999977,105013.65559999977,105013.65559999977,105013.65559999977,
cpsat,1000,PRIMARY,15.0,peakMemoryMb,1,0,1,2173.99609375,2173.99609375,2173.99609375,2173.99609375,
cpsat,1000,PRIMARY,15.0,cpuTimeSampledMs,1,0,1,98921.875,98921.875,98921.875,98921.875,
cpsat,500,PRIMARY,15.0,validPlanReturnedPercent,1,0,1,0,0,0,0,
cpsat,500,PRIMARY,15.0,fullCoverageReturnedPercent,1,0,1,0,0,0,0,
cpsat,500,PRIMARY,15.0,solverWallTimeMs,1,0,1,63277.352000000064,63277.352000000064,63277.352000000064,63277.352000000064,
cpsat,500,PRIMARY,15.0,processWallTimeMs,1,0,1,65742.98480000015,65742.98480000015,65742.98480000015,65742.98480000015,
cpsat,500,PRIMARY,15.0,peakMemoryMb,1,0,1,1094.765625,1094.765625,1094.765625,1094.765625,
cpsat,500,PRIMARY,15.0,cpuTimeSampledMs,1,0,1,58984.375,58984.375,58984.375,58984.375,
jsprit,1000,PRIMARY,15.0,validPlanReturnedPercent,1,0,1,0,0,0,0,
jsprit,1000,PRIMARY,15.0,fullCoverageReturnedPercent,1,0,1,0,0,0,0,
jsprit,1000,PRIMARY,15.0,processWallTimeMs,1,0,1,75759.97389999975,75759.97389999975,75759.97389999975,75759.97389999975,
jsprit,1000,PRIMARY,15.0,peakMemoryMb,1,0,1,323.84375,323.84375,323.84375,323.84375,
jsprit,1000,PRIMARY,15.0,cpuTimeSampledMs,1,0,1,79031.25,79031.25,79031.25,79031.25,
jsprit,500,PRIMARY,15.0,validPlanReturnedPercent,1,0,1,0,0,0,0,
jsprit,500,PRIMARY,15.0,fullCoverageReturnedPercent,1,0,1,0,0,0,0,
jsprit,500,PRIMARY,15.0,processWallTimeMs,1,0,1,75823.72699999996,75823.72699999996,75823.72699999996,75823.72699999996,
jsprit,500,PRIMARY,15.0,peakMemoryMb,1,0,1,287.4609375,287.4609375,287.4609375,287.4609375,
jsprit,500,PRIMARY,15.0,cpuTimeSampledMs,1,0,1,73250.0,73250.0,73250.0,73250.0,
ortools_routing,1000,PRIMARY,15.0,validPlanReturnedPercent,1,1,1,100,100,100,100,
ortools_routing,1000,PRIMARY,15.0,fullCoverageReturnedPercent,1,1,1,100,100,100,100,
ortools_routing,1000,PRIMARY,15.0,hardViolations,1,1,1,0,0,0,0,
ortools_routing,1000,PRIMARY,15.0,served,1,1,1,1000,1000,1000,1000,
ortools_routing,1000,PRIMARY,15.0,unassigned,1,1,1,0,0,0,0,
ortools_routing,1000,PRIMARY,15.0,servedPercent,1,1,1,100.0,100.0,100.0,100.0,
ortools_routing,1000,PRIMARY,15.0,workersUsed,1,1,1,120,120,120,120,
ortools_routing,1000,PRIMARY,15.0,distanceKm,1,1,1,5431.676,5431.676,5431.676,5431.676,
ortools_routing,1000,PRIMARY,15.0,travelMinutes,1,1,1,6251.183333333333,6251.183333333333,6251.183333333333,6251.183333333333,
ortools_routing,1000,PRIMARY,15.0,waitingMinutes,1,1,1,15111.033333333333,15111.033333333333,15111.033333333333,15111.033333333333,
ortools_routing,1000,PRIMARY,15.0,serviceMinutes,1,1,1,53160.0,53160.0,53160.0,53160.0,
ortools_routing,1000,PRIMARY,15.0,emergencyServed,1,1,1,70,70,70,70,
ortools_routing,1000,PRIMARY,15.0,emergencyUnassigned,1,1,1,0,0,0,0,
ortools_routing,1000,PRIMARY,15.0,meanResponseDelay,1,1,1,355.7004761904762,355.7004761904762,355.7004761904762,355.7004761904762,
ortools_routing,1000,PRIMARY,15.0,medianResponseDelay,1,1,1,367.98333333333335,367.98333333333335,367.98333333333335,367.98333333333335,
ortools_routing,1000,PRIMARY,15.0,maxResponseDelay,1,1,1,697.9333333333333,697.9333333333333,697.9333333333333,697.9333333333333,
ortools_routing,1000,PRIMARY,15.0,meanCompletionDelay,1,1,1,435.7004761904762,435.7004761904762,435.7004761904762,435.7004761904762,
ortools_routing,1000,PRIMARY,15.0,maxCompletionDelay,1,1,1,777.9333333333333,777.9333333333333,777.9333333333333,777.9333333333333,
ortools_routing,1000,PRIMARY,15.0,solverWallTimeMs,1,1,1,18868.81959999937,18868.81959999937,18868.81959999937,18868.81959999937,
ortools_routing,1000,PRIMARY,15.0,validationTimeMs,1,1,1,9.856100000433798,9.856100000433798,9.856100000433798,9.856100000433798,
ortools_routing,1000,PRIMARY,15.0,processWallTimeMs,1,1,1,20007.351899999776,20007.351899999776,20007.351899999776,20007.351899999776,
ortools_routing,1000,PRIMARY,15.0,peakMemoryMb,1,1,1,99.23828125,99.23828125,99.23828125,99.23828125,
ortools_routing,1000,PRIMARY,15.0,cpuTimeSampledMs,1,1,1,18109.375,18109.375,18109.375,18109.375,
ortools_routing,500,PRIMARY,15.0,validPlanReturnedPercent,1,1,1,100,100,100,100,
ortools_routing,500,PRIMARY,15.0,fullCoverageReturnedPercent,1,1,1,100,100,100,100,
ortools_routing,500,PRIMARY,15.0,hardViolations,1,1,1,0,0,0,0,
ortools_routing,500,PRIMARY,15.0,served,1,1,1,500,500,500,500,
ortools_routing,500,PRIMARY,15.0,unassigned,1,1,1,0,0,0,0,
ortools_routing,500,PRIMARY,15.0,servedPercent,1,1,1,100.0,100.0,100.0,100.0,
ortools_routing,500,PRIMARY,15.0,workersUsed,1,1,1,61,61,61,61,
ortools_routing,500,PRIMARY,15.0,distanceKm,1,1,1,2461.407,2461.407,2461.407,2461.407,
ortools_routing,500,PRIMARY,15.0,travelMinutes,1,1,1,2879.233333333333,2879.233333333333,2879.233333333333,2879.233333333333,
ortools_routing,500,PRIMARY,15.0,waitingMinutes,1,1,1,9092.766666666666,9092.766666666666,9092.766666666666,9092.766666666666,
ortools_routing,500,PRIMARY,15.0,serviceMinutes,1,1,1,27080.0,27080.0,27080.0,27080.0,
ortools_routing,500,PRIMARY,15.0,emergencyServed,1,1,1,34,34,34,34,
ortools_routing,500,PRIMARY,15.0,emergencyUnassigned,1,1,1,0,0,0,0,
ortools_routing,500,PRIMARY,15.0,meanResponseDelay,1,1,1,417.3622549019608,417.3622549019608,417.3622549019608,417.3622549019608,
ortools_routing,500,PRIMARY,15.0,medianResponseDelay,1,1,1,456.4916666666667,456.4916666666667,456.4916666666667,456.4916666666667,
ortools_routing,500,PRIMARY,15.0,maxResponseDelay,1,1,1,694.4,694.4,694.4,694.4,
ortools_routing,500,PRIMARY,15.0,meanCompletionDelay,1,1,1,497.3622549019608,497.3622549019608,497.3622549019608,497.3622549019608,
ortools_routing,500,PRIMARY,15.0,maxCompletionDelay,1,1,1,774.4,774.4,774.4,774.4,
ortools_routing,500,PRIMARY,15.0,solverWallTimeMs,1,1,1,15870.28090000058,15870.28090000058,15870.28090000058,15870.28090000058,
ortools_routing,500,PRIMARY,15.0,validationTimeMs,1,1,1,7.123600000340957,7.123600000340957,7.123600000340957,7.123600000340957,
ortools_routing,500,PRIMARY,15.0,processWallTimeMs,1,1,1,16674.830299999485,16674.830299999485,16674.830299999485,16674.830299999485,
ortools_routing,500,PRIMARY,15.0,peakMemoryMb,1,1,1,77.08203125,77.08203125,77.08203125,77.08203125,
ortools_routing,500,PRIMARY,15.0,cpuTimeSampledMs,1,1,1,15656.25,15656.25,15656.25,15656.25,
pyvrp,1000,PRIMARY,15.0,validPlanReturnedPercent,1,0,1,0,0,0,0,
pyvrp,1000,PRIMARY,15.0,fullCoverageReturnedPercent,1,0,1,0,0,0,0,
pyvrp,1000,PRIMARY,15.0,solverWallTimeMs,1,0,1,19124.976699999934,19124.976699999934,19124.976699999934,19124.976699999934,
pyvrp,1000,PRIMARY,15.0,processWallTimeMs,1,0,1,19984.488600000077,19984.488600000077,19984.488600000077,19984.488600000077,
pyvrp,1000,PRIMARY,15.0,peakMemoryMb,1,0,1,209.81640625,209.81640625,209.81640625,209.81640625,
pyvrp,1000,PRIMARY,15.0,cpuTimeSampledMs,1,0,1,16921.875,16921.875,16921.875,16921.875,
pyvrp,500,PRIMARY,15.0,validPlanReturnedPercent,1,1,1,100,100,100,100,
pyvrp,500,PRIMARY,15.0,fullCoverageReturnedPercent,1,1,1,100,100,100,100,
pyvrp,500,PRIMARY,15.0,hardViolations,1,1,1,0,0,0,0,
pyvrp,500,PRIMARY,15.0,served,1,1,1,500,500,500,500,
pyvrp,500,PRIMARY,15.0,unassigned,1,1,1,0,0,0,0,
pyvrp,500,PRIMARY,15.0,servedPercent,1,1,1,100.0,100.0,100.0,100.0,
pyvrp,500,PRIMARY,15.0,workersUsed,1,1,1,64,64,64,64,
pyvrp,500,PRIMARY,15.0,distanceKm,1,1,1,1666.626,1666.626,1666.626,1666.626,
pyvrp,500,PRIMARY,15.0,travelMinutes,1,1,1,2154.866666666667,2154.866666666667,2154.866666666667,2154.866666666667,
pyvrp,500,PRIMARY,15.0,waitingMinutes,1,1,1,4891.4,4891.4,4891.4,4891.4,
pyvrp,500,PRIMARY,15.0,serviceMinutes,1,1,1,27080.0,27080.0,27080.0,27080.0,
pyvrp,500,PRIMARY,15.0,emergencyServed,1,1,1,34,34,34,34,
pyvrp,500,PRIMARY,15.0,emergencyUnassigned,1,1,1,0,0,0,0,
pyvrp,500,PRIMARY,15.0,meanResponseDelay,1,1,1,412.075,412.075,412.075,412.075,
pyvrp,500,PRIMARY,15.0,medianResponseDelay,1,1,1,456.7166666666667,456.7166666666667,456.7166666666667,456.7166666666667,
pyvrp,500,PRIMARY,15.0,maxResponseDelay,1,1,1,699.3833333333333,699.3833333333333,699.3833333333333,699.3833333333333,
pyvrp,500,PRIMARY,15.0,meanCompletionDelay,1,1,1,492.075,492.075,492.075,492.075,
pyvrp,500,PRIMARY,15.0,maxCompletionDelay,1,1,1,779.3833333333333,779.3833333333333,779.3833333333333,779.3833333333333,
pyvrp,500,PRIMARY,15.0,solverWallTimeMs,1,1,1,16464.484099999936,16464.484099999936,16464.484099999936,16464.484099999936,
pyvrp,500,PRIMARY,15.0,validationTimeMs,1,1,1,11.164600000483915,11.164600000483915,11.164600000483915,11.164600000483915,
pyvrp,500,PRIMARY,15.0,processWallTimeMs,1,1,1,18156.71040000052,18156.71040000052,18156.71040000052,18156.71040000052,
pyvrp,500,PRIMARY,15.0,peakMemoryMb,1,1,1,138.0859375,138.0859375,138.0859375,138.0859375,
pyvrp,500,PRIMARY,15.0,cpuTimeSampledMs,1,1,1,16406.25,16406.25,16406.25,16406.25,
scip,1000,PRIMARY,15.0,validPlanReturnedPercent,1,0,1,0,0,0,0,
scip,1000,PRIMARY,15.0,fullCoverageReturnedPercent,1,0,1,0,0,0,0,
scip,1000,PRIMARY,15.0,processWallTimeMs,1,0,1,105049.49889999989,105049.49889999989,105049.49889999989,105049.49889999989,
scip,1000,PRIMARY,15.0,peakMemoryMb,1,0,1,5979.1484375,5979.1484375,5979.1484375,5979.1484375,
scip,1000,PRIMARY,15.0,cpuTimeSampledMs,1,0,1,102203.125,102203.125,102203.125,102203.125,
scip,500,PRIMARY,15.0,validPlanReturnedPercent,1,1,1,100,100,100,100,
scip,500,PRIMARY,15.0,fullCoverageReturnedPercent,1,1,1,0,0,0,0,
scip,500,PRIMARY,15.0,hardViolations,1,1,1,0,0,0,0,
scip,500,PRIMARY,15.0,served,1,1,1,0,0,0,0,
scip,500,PRIMARY,15.0,unassigned,1,1,1,500,500,500,500,
scip,500,PRIMARY,15.0,servedPercent,1,1,1,0.0,0.0,0.0,0.0,
scip,500,PRIMARY,15.0,workersUsed,1,1,1,0,0,0,0,
scip,500,PRIMARY,15.0,distanceKm,1,1,1,0.0,0.0,0.0,0.0,
scip,500,PRIMARY,15.0,travelMinutes,1,1,1,0.0,0.0,0.0,0.0,
scip,500,PRIMARY,15.0,waitingMinutes,1,1,1,0.0,0.0,0.0,0.0,
scip,500,PRIMARY,15.0,serviceMinutes,1,1,1,0.0,0.0,0.0,0.0,
scip,500,PRIMARY,15.0,emergencyServed,1,1,1,0,0,0,0,
scip,500,PRIMARY,15.0,emergencyUnassigned,1,1,1,34,34,34,34,
scip,500,PRIMARY,15.0,solverWallTimeMs,1,1,1,46504.86079999973,46504.86079999973,46504.86079999973,46504.86079999973,
scip,500,PRIMARY,15.0,validationTimeMs,1,1,1,0.691000000188069,0.691000000188069,0.691000000188069,0.691000000188069,
scip,500,PRIMARY,15.0,processWallTimeMs,1,1,1,57836.06409999993,57836.06409999993,57836.06409999993,57836.06409999993,
scip,500,PRIMARY,15.0,peakMemoryMb,1,1,1,4190.19921875,4190.19921875,4190.19921875,4190.19921875,
scip,500,PRIMARY,15.0,cpuTimeSampledMs,1,1,1,53765.625,53765.625,53765.625,53765.625,
timefold,1000,PRIMARY,15.0,validPlanReturnedPercent,1,1,1,100,100,100,100,
timefold,1000,PRIMARY,15.0,fullCoverageReturnedPercent,1,1,1,0,0,0,0,
timefold,1000,PRIMARY,15.0,hardViolations,1,1,1,0,0,0,0,
timefold,1000,PRIMARY,15.0,served,1,1,1,288,288,288,288,
timefold,1000,PRIMARY,15.0,unassigned,1,1,1,712,712,712,712,
timefold,1000,PRIMARY,15.0,servedPercent,1,1,1,28.8,28.8,28.8,28.8,
timefold,1000,PRIMARY,15.0,workersUsed,1,1,1,36,36,36,36,
timefold,1000,PRIMARY,15.0,distanceKm,1,1,1,989.338,989.338,989.338,989.338,
timefold,1000,PRIMARY,15.0,travelMinutes,1,1,1,1572.4,1572.4,1572.4,1572.4,
timefold,1000,PRIMARY,15.0,waitingMinutes,1,1,1,6338.45,6338.45,6338.45,6338.45,
timefold,1000,PRIMARY,15.0,serviceMinutes,1,1,1,15170.0,15170.0,15170.0,15170.0,
timefold,1000,PRIMARY,15.0,emergencyServed,1,1,1,14,14,14,14,
timefold,1000,PRIMARY,15.0,emergencyUnassigned,1,1,1,56,56,56,56,
timefold,1000,PRIMARY,15.0,meanResponseDelay,1,1,1,320.50714285714287,320.50714285714287,320.50714285714287,320.50714285714287,
timefold,1000,PRIMARY,15.0,medianResponseDelay,1,1,1,328.94166666666666,328.94166666666666,328.94166666666666,328.94166666666666,
timefold,1000,PRIMARY,15.0,maxResponseDelay,1,1,1,680.7833333333333,680.7833333333333,680.7833333333333,680.7833333333333,
timefold,1000,PRIMARY,15.0,meanCompletionDelay,1,1,1,400.50714285714287,400.50714285714287,400.50714285714287,400.50714285714287,
timefold,1000,PRIMARY,15.0,maxCompletionDelay,1,1,1,760.7833333333333,760.7833333333333,760.7833333333333,760.7833333333333,
timefold,1000,PRIMARY,15.0,solverWallTimeMs,1,1,1,16888.56290000058,16888.56290000058,16888.56290000058,16888.56290000058,
timefold,1000,PRIMARY,15.0,validationTimeMs,1,1,1,4.585699999552162,4.585699999552162,4.585699999552162,4.585699999552162,
timefold,1000,PRIMARY,15.0,processWallTimeMs,1,1,1,17428.447100000085,17428.447100000085,17428.447100000085,17428.447100000085,
timefold,1000,PRIMARY,15.0,peakMemoryMb,1,1,1,212.48046875,212.48046875,212.48046875,212.48046875,
timefold,1000,PRIMARY,15.0,cpuTimeSampledMs,1,1,1,21093.75,21093.75,21093.75,21093.75,
timefold,500,PRIMARY,15.0,validPlanReturnedPercent,1,1,1,100,100,100,100,
timefold,500,PRIMARY,15.0,fullCoverageReturnedPercent,1,1,1,0,0,0,0,
timefold,500,PRIMARY,15.0,hardViolations,1,1,1,0,0,0,0,
timefold,500,PRIMARY,15.0,served,1,1,1,298,298,298,298,
timefold,500,PRIMARY,15.0,unassigned,1,1,1,202,202,202,202,
timefold,500,PRIMARY,15.0,servedPercent,1,1,1,59.6,59.6,59.6,59.6,
timefold,500,PRIMARY,15.0,workersUsed,1,1,1,35,35,35,35,
timefold,500,PRIMARY,15.0,distanceKm,1,1,1,1258.956,1258.956,1258.956,1258.956,
timefold,500,PRIMARY,15.0,travelMinutes,1,1,1,1970.6333333333334,1970.6333333333334,1970.6333333333334,1970.6333333333334,
timefold,500,PRIMARY,15.0,waitingMinutes,1,1,1,6200.016666666666,6200.016666666666,6200.016666666666,6200.016666666666,
timefold,500,PRIMARY,15.0,serviceMinutes,1,1,1,16060.0,16060.0,16060.0,16060.0,
timefold,500,PRIMARY,15.0,emergencyServed,1,1,1,8,8,8,8,
timefold,500,PRIMARY,15.0,emergencyUnassigned,1,1,1,26,26,26,26,
timefold,500,PRIMARY,15.0,meanResponseDelay,1,1,1,479.32708333333335,479.32708333333335,479.32708333333335,479.32708333333335,
timefold,500,PRIMARY,15.0,medianResponseDelay,1,1,1,599.7666666666667,599.7666666666667,599.7666666666667,599.7666666666667,
timefold,500,PRIMARY,15.0,maxResponseDelay,1,1,1,682.75,682.75,682.75,682.75,
timefold,500,PRIMARY,15.0,meanCompletionDelay,1,1,1,559.3270833333333,559.3270833333333,559.3270833333333,559.3270833333333,
timefold,500,PRIMARY,15.0,maxCompletionDelay,1,1,1,762.75,762.75,762.75,762.75,
timefold,500,PRIMARY,15.0,solverWallTimeMs,1,1,1,17602.377700000034,17602.377700000034,17602.377700000034,17602.377700000034,
timefold,500,PRIMARY,15.0,validationTimeMs,1,1,1,5.7884999996531405,5.7884999996531405,5.7884999996531405,5.7884999996531405,
timefold,500,PRIMARY,15.0,processWallTimeMs,1,1,1,18173.23789999955,18173.23789999955,18173.23789999955,18173.23789999955,
timefold,500,PRIMARY,15.0,peakMemoryMb,1,1,1,206.18359375,206.18359375,206.18359375,206.18359375,
timefold,500,PRIMARY,15.0,cpuTimeSampledMs,1,1,1,22906.25,22906.25,22906.25,22906.25,
vroom,1000,PRIMARY,15.0,validPlanReturnedPercent,1,0,1,0,0,0,0,
vroom,1000,PRIMARY,15.0,fullCoverageReturnedPercent,1,0,1,0,0,0,0,
vroom,1000,PRIMARY,15.0,processWallTimeMs,1,0,1,1827.7234000006501,1827.7234000006501,1827.7234000006501,1827.7234000006501,
vroom,1000,PRIMARY,15.0,peakMemoryMb,1,0,1,87.2109375,87.2109375,87.2109375,87.2109375,
vroom,1000,PRIMARY,15.0,cpuTimeSampledMs,1,0,1,1328.125,1328.125,1328.125,1328.125,
vroom,500,PRIMARY,15.0,validPlanReturnedPercent,1,0,1,0,0,0,0,
vroom,500,PRIMARY,15.0,fullCoverageReturnedPercent,1,0,1,0,0,0,0,
vroom,500,PRIMARY,15.0,processWallTimeMs,1,0,1,1896.6520000003584,1896.6520000003584,1896.6520000003584,1896.6520000003584,
vroom,500,PRIMARY,15.0,peakMemoryMb,1,0,1,85.9453125,85.9453125,85.9453125,85.9453125,
vroom,500,PRIMARY,15.0,cpuTimeSampledMs,1,0,1,1593.75,1593.75,1593.75,1593.75,
